[
    {
        "imgsrc": "//www.roguard.net/content/img/icons/monsters/vadon.png",
        "name": "Vadon",
        "element": "Water",
        "race": "Fish",
        "level": "Lv 29",
        "hp": "3,200 Hp",
        "base_exp": "195 Base Exp",
        "job_exp": "123 Job Exp"
    },
    {
        "imgsrc": "//www.roguard.net/content/img/icons/monsters/skeleton.png",
        "name": "Skeleton",
        "element": "Undead",
        "race": "Undead",
        "level": "Lv 30",
        "hp": "2,520 Hp",
        "base_exp": "179 Base Exp",
        "job_exp": "140 Job Exp"
    },
    {
        "imgsrc": "//www.roguard.net/content/img/icons/monsters/golden_bug.png",
        "name": "Golden Thief Bug",
        "element": "Fire",
        "race": "Insect",
        "level": "Lv 30",
        "hp": "607,593 Hp",
        "base_exp": "9,677 Base Exp",
        "job_exp": "4,839 Job Exp"
    },
    {
        "imgsrc": "//www.roguard.net/content/img/icons/monsters/thara.png",
        "name": "Thara Frog",
        "element": "Water",
        "race": "Fish",
        "level": "Lv 31",
        "hp": "2,917 Hp",
        "base_exp": "208 Base Exp",
        "job_exp": "131 Job Exp"
    },
    {
        "imgsrc": "//www.roguard.net/content/img/icons/monsters/marina.png",
        "name": "Marina",
        "element": "Water",
        "race": "Plant",
        "level": "Lv 32",
        "hp": "2,618 Hp",
        "base_exp": "213 Base Exp",
        "job_exp": "137 Job Exp"
    },
    {
        "imgsrc": "//www.roguard.net/content/img/icons/monsters/marinesphere.png",
        "name": "Marine Sphere",
        "element": "Water",
        "race": "Plant",
        "level": "Lv 32",
        "hp": "3,000 Hp",
        "base_exp": "1 Base Exp",
        "job_exp": "1 Job Exp"
    },
    {
        "imgsrc": "//www.roguard.net/content/img/icons/monsters/obeaune.png",
        "name": "Obeaune",
        "element": "Water",
        "race": "Fish",
        "level": "Lv 33",
        "hp": "3,711 Hp",
        "base_exp": "221 Base Exp",
        "job_exp": "140 Job Exp"
    },
    {
        "imgsrc": "//www.roguard.net/content/img/icons/monsters/obeaune.png",
        "name": "Obeaune ★",
        "element": "Water",
        "race": "Fish",
        "level": "Lv 33",
        "hp": "35,727 Hp",
        "base_exp": "1,105 Base Exp",
        "job_exp": "700 Job Exp"
    },
    {
        "imgsrc": "//www.roguard.net/content/img/icons/monsters/swordfish.png",
        "name": "Phen",
        "element": "Water",
        "race": "Fish",
        "level": "Lv 34",
        "hp": "4,108 Hp",
        "base_exp": "227 Base Exp",
        "job_exp": "145 Job Exp"
    },
    {
        "imgsrc": "//www.roguard.net/content/img/icons/monsters/ghostring.png",
        "name": "Ghosting",
        "element": "Ghost",
        "race": "Demon",
        "level": "Lv 35",
        "hp": "306,338 Hp",
        "base_exp": "1,480 Base Exp",
        "job_exp": "1,582 Job Exp"
    },
    {
        "imgsrc": "//www.roguard.net/content/img/icons/monsters/goblin.png",
        "name": "Goblin(Knife)",
        "element": "Wind",
        "race": "Demi-Human",
        "level": "Lv 35",
        "hp": "4,505 Hp",
        "base_exp": "240 Base Exp",
        "job_exp": "145 Job Exp"
    },
    {
        "imgsrc": "//www.roguard.net/content/img/icons/monsters/goblin3.png",
        "name": "Goblin(Buckler)",
        "element": "Earth",
        "race": "Demi-Human",
        "level": "Lv 35",
        "hp": "4,505 Hp",
        "base_exp": "237 Base Exp",
        "job_exp": "147 Job Exp"
    },
    {
        "imgsrc": "//www.roguard.net/content/img/icons/monsters/goblin5.png",
        "name": "Goblin(Hammer)",
        "element": "Water",
        "race": "Demi-Human",
        "level": "Lv 35",
        "hp": "4,505 Hp",
        "base_exp": "235 Base Exp",
        "job_exp": "149 Job Exp"
    },
    {
        "imgsrc": "//www.roguard.net/content/img/icons/monsters/goblin4.png",
        "name": "Goblin(Spear)",
        "element": "Wind",
        "race": "Demi-Human",
        "level": "Lv 35",
        "hp": "4,505 Hp",
        "base_exp": "239 Base Exp",
        "job_exp": "146 Job Exp"
    },
    {
        "imgsrc": "//www.roguard.net/content/img/icons/monsters/goblin2.png",
        "name": "Goblin(Axe)",
        "element": "Earth",
        "race": "Demi-Human",
        "level": "Lv 35",
        "hp": "4,505 Hp",
        "base_exp": "265 Base Exp",
        "job_exp": "131 Job Exp"
    },
    {
        "imgsrc": "//www.roguard.net/content/img/icons/monsters/deviling.png",
        "name": "Deviling",
        "element": "Shadow",
        "race": "Demon",
        "level": "Lv 35",
        "hp": "2,195,850 Hp",
        "base_exp": "4,818 Base Exp",
        "job_exp": "9,408 Job Exp"
    },
    {
        "imgsrc": "//www.roguard.net/content/img/icons/monsters/goblin.png",
        "name": "Goblin(Knife) ★",
        "element": "Wind",
        "race": "Demi-Human",
        "level": "Lv 35",
        "hp": "43,917 Hp",
        "base_exp": "1,200 Base Exp",
        "job_exp": "725 Job Exp"
    },
    {
        "imgsrc": "//www.roguard.net/content/img/icons/monsters/goblin3.png",
        "name": "Goblin(Buckler) ★",
        "element": "Earth",
        "race": "Demi-Human",
        "level": "Lv 35",
        "hp": "43,917 Hp",
        "base_exp": "1,185 Base Exp",
        "job_exp": "735 Job Exp"
    },
    {
        "imgsrc": "//www.roguard.net/content/img/icons/monsters/goblin5.png",
        "name": "Goblin(Hammer) ★",
        "element": "Water",
        "race": "Demi-Human",
        "level": "Lv 35",
        "hp": "43,917 Hp",
        "base_exp": "1,175 Base Exp",
        "job_exp": "745 Job Exp"
    },
    {
        "imgsrc": "//www.roguard.net/content/img/icons/monsters/goblin4.png",
        "name": "Goblin(Spear) ★",
        "element": "Wind",
        "race": "Demi-Human",
        "level": "Lv 35",
        "hp": "43,917 Hp",
        "base_exp": "1,195 Base Exp",
        "job_exp": "730 Job Exp"
    }
]