[
    {
        "imgsrc": null,
        "name": "Battle Berdysz [2]",
        "slot": "Axe",
        "status": "VIT ＋6, Equipment ASPD ＋10%, [Alloy Mail] ＋[Battle Berdysz]: each auto attack causes Amistr's Atk increases by 3%; the effect lasts 5 seconds, and can stack 3 times at most."
    },
    {
        "imgsrc": "//www.roguard.net/content/img/icons/items/item_43528.png",
        "name": "Battle Boots[1]",
        "slot": "Shoes",
        "status": "Def + 22"
    },
    {
        "imgsrc": null,
        "name": "Battle Bow",
        "slot": "Bow",
        "status": "Atk + 144"
    },
    {
        "imgsrc": null,
        "name": "Battle Bow [2]",
        "slot": "Bow",
        "status": "Atk + 144"
    },
    {
        "imgsrc": null,
        "name": "Battle Fist",
        "slot": "Knuckle",
        "status": "Atk + 230"
    },
    {
        "imgsrc": null,
        "name": "Battle Fist [2]",
        "slot": "Knuckle",
        "status": "Atk + 230"
    },
    {
        "imgsrc": null,
        "name": "Battle Hook [2]",
        "slot": "Spear",
        "status": "Atk + 247"
    },
    {
        "imgsrc": "//www.roguard.net/content/img/icons/items/item_40005.png",
        "name": "Battle Hook [3]",
        "slot": "Spear",
        "status": "Atk + 247"
    },
    {
        "imgsrc": "//www.roguard.net/content/img/icons/items/item_40711.png",
        "name": "Bazerald [1]",
        "slot": "Knife",
        "status": "When launching auto attacks, Caster has a 10% chance to trigger assault: damage of Thief's next skill ＋50%, auto attacks in assaulting state: ＋10%"
    },
    {
        "imgsrc": "//www.roguard.net/content/img/icons/items/item_40711.png",
        "name": "Bazerald [2]",
        "slot": "Knife",
        "status": "When launching auto attacks, Caster has a 10% chance to trigger assault: damage of Thief's next skill ＋50%, auto attacks in assaulting state: ＋10%"
    },
    {
        "imgsrc": null,
        "name": "Beach goggle series Facewear",
        "slot": "Face",
        "status": "Def ＋3%, MDef ＋3%, Fire damage taken －5%"
    },
    {
        "imgsrc": null,
        "name": "Beach goggle·coconut green",
        "slot": "Face",
        "status": "Def ＋3%, MDef ＋3%, Fire damage taken －5%"
    },
    {
        "imgsrc": null,
        "name": "Beach goggle·ocean blue",
        "slot": "Face",
        "status": "Def ＋3%, MDef ＋3%, Fire damage taken －5%"
    },
    {
        "imgsrc": null,
        "name": "Beach goggle·pineapple yellow",
        "slot": "Face",
        "status": "Def ＋3%, MDef ＋3%, Fire damage taken －5%"
    },
    {
        "imgsrc": null,
        "name": "Beach goggle·scorching sun red",
        "slot": "Face",
        "status": "Def ＋3%, MDef ＋3%, Fire damage taken －5%"
    },
    {
        "imgsrc": null,
        "name": "Beach Hat",
        "slot": "Head",
        "status": "Max HP ＋500"
    },
    {
        "imgsrc": null,
        "name": "Beach Melon",
        "slot": "Wing",
        "status": "MAX HP＋500, Dmg Reduc.＋2%, MDmg Reduc.＋2%"
    },
    {
        "imgsrc": "//www.roguard.net/content/img/icons/items/item_45201.png",
        "name": "Beast Headwear [1]",
        "slot": "Head",
        "status": "Luk ＋6"
    },
    {
        "imgsrc": null,
        "name": "Beast Heart",
        "slot": "Armour",
        "status": "Agi ＋4, Cri ＋5, Max HP ＋800, [Flamberge X] ＋ [Advanced Sack Teddy Shoes IV] ＋ [Undershirt VIII] ＋ [Beast Heart VIII]: ＋3% Atk, ＋3% Crit.Dmg, ＋5% Atk SPD, ＋10% Max HP"
    },
    {
        "imgsrc": null,
        "name": "Beast Heart [1]",
        "slot": "Armour",
        "status": "Agi ＋4, Cri ＋5, Max HP ＋800, [Flamberge X] ＋ [Advanced Sack Teddy Shoes IV] ＋ [Undershirt VIII] ＋ [Beast Heart VIII]: ＋3% Atk, ＋3% Crit.Dmg, ＋5% Atk SPD, ＋10% Max HP"
    }
]