[
    {
        "imgsrc": null,
        "name": "Holy Orb [2]",
        "slot": "Orb",
        "status": "Def + 112"
    },
    {
        "imgsrc": "//www.roguard.net/content/img/icons/items/item_42021.png",
        "name": "Holy Robe",
        "slot": "Armour",
        "status": "INT ＋3, Max SP ＋5%, [Croce Staff IV] ＋ [Holy Robe IV]: Healing bonus ＋ 5%. When [Holy Robe] Refining is ＋10 or above, the healing bonus increases to 10%, SP cost of [Kyrie Eleison], [Magnificat] , [Assumptio] -40%"
    },
    {
        "imgsrc": "//www.roguard.net/content/img/icons/items/item_42021.png",
        "name": "Holy Robe [1]",
        "slot": "Armour",
        "status": "INT ＋3, Max SP ＋5%, [Croce Staff IV] ＋ [Holy Robe IV]: Healing bonus ＋ 5%. When [Holy Robe] Refining is ＋10 or above, the healing bonus increases to 10%, SP cost of [Kyrie Eleison], [Magnificat] , [Assumptio] -40%"
    },
    {
        "imgsrc": null,
        "name": "Holy Series Clothing ",
        "slot": "Armour",
        "status": ""
    },
    {
        "imgsrc": "//www.roguard.net/content/img/icons/items/item_41519.png",
        "name": "Holy Stick [1]",
        "slot": "Staff",
        "status": "M.Atk ＋10%, CT Variable of [Holy Light Strike], [Turn Undead], [Magnus Exorcismus Attack] -25%"
    },
    {
        "imgsrc": "//www.roguard.net/content/img/icons/items/item_41519.png",
        "name": "Holy Stick [2]",
        "slot": "Staff",
        "status": "M.Atk ＋10%, CT Variable of [Holy Light Strike], [Turn Undead], [Magnus Exorcismus Attack] -25%"
    },
    {
        "imgsrc": "//www.roguard.net/content/img/icons/items/item_40905.png",
        "name": "Holy Wing Katar [2]",
        "slot": "Katar",
        "status": "Atk + 90"
    },
    {
        "imgsrc": "//www.roguard.net/content/img/icons/items/item_40905.png",
        "name": "Holy Wing Katar [3]",
        "slot": "Katar",
        "status": "Atk + 90"
    },
    {
        "imgsrc": null,
        "name": "Honey cake",
        "slot": "Head",
        "status": "Dex ＋3, AGI ＋3"
    },
    {
        "imgsrc": null,
        "name": "Honey Cake [1]",
        "slot": "Head",
        "status": "Dex ＋3, AGI ＋3"
    },
    {
        "imgsrc": null,
        "name": "Honey Jar",
        "slot": "Head",
        "status": "Max SP ＋100, SP Regen ＋1"
    },
    {
        "imgsrc": null,
        "name": "Honey Jar [1]",
        "slot": "Head",
        "status": "Dex ＋3, AGI ＋3"
    },
    {
        "imgsrc": "//www.roguard.net/content/img/icons/items/item_40301.png",
        "name": "Honglyun's Sword [2]",
        "slot": "Sword",
        "status": "Atk + 180"
    },
    {
        "imgsrc": "//www.roguard.net/content/img/icons/items/item_40301.png",
        "name": "Honglyun's Sword [3]",
        "slot": "Sword",
        "status": "Atk + 180"
    },
    {
        "imgsrc": "//www.roguard.net/content/img/icons/items/item_43005.png",
        "name": "Hood [2]",
        "slot": "Robe",
        "status": "Def + 22"
    },
    {
        "imgsrc": "//www.roguard.net/content/img/icons/items/item_47018.png",
        "name": "Horong",
        "slot": "Wing",
        "status": "Can use [Soul Strike] Lv.10"
    },
    {
        "imgsrc": "//www.roguard.net/content/img/icons/items/item_45034.png",
        "name": "Hot-blooded Headband",
        "slot": "Head",
        "status": "Def ＋5, Str ＋2"
    },
    {
        "imgsrc": "//www.roguard.net/content/img/icons/items/item_45034.png",
        "name": "Hot-blooded Headband [1]",
        "slot": "Head",
        "status": "Def ＋5, Str ＋2"
    },
    {
        "imgsrc": null,
        "name": "HP Potion",
        "slot": "Head",
        "status": "MAX HP ＋100, HP Regen ＋5"
    },
    {
        "imgsrc": null,
        "name": "HP Potion [1]",
        "slot": "Head",
        "status": "Dex ＋3, AGI ＋3"
    }
]