[
    {
        "imgsrc": null,
        "name": "Lazy Poring [1]",
        "slot": "Head",
        "status": "Holy Dmg ＋3%, ＋1% healing bonus for each refining level"
    },
    {
        "imgsrc": "//www.roguard.net/content/img/icons/items/item_42024.png",
        "name": "Leather Armor",
        "slot": "Armour",
        "status": "Def + 28"
    },
    {
        "imgsrc": "//www.roguard.net/content/img/icons/items/item_42024.png",
        "name": "Leather Armor[1]",
        "slot": "Armour",
        "status": "Def + 28"
    },
    {
        "imgsrc": "//www.roguard.net/content/img/icons/items/item_45032.png",
        "name": "Leather Goggles",
        "slot": "Head",
        "status": "Def ＋15"
    },
    {
        "imgsrc": "//www.roguard.net/content/img/icons/items/item_42023.png",
        "name": "Leather Jacket",
        "slot": "Armour",
        "status": "Def + 13"
    },
    {
        "imgsrc": "//www.roguard.net/content/img/icons/items/item_42023.png",
        "name": "Leather Jacket [1]",
        "slot": "Armour",
        "status": "Def + 13"
    },
    {
        "imgsrc": null,
        "name": "Leather of Tendrilion [2]",
        "slot": "Robe",
        "status": "Def + 90"
    },
    {
        "imgsrc": null,
        "name": "Leather of Tendrilion[1]",
        "slot": "Robe",
        "status": "Def + 90"
    },
    {
        "imgsrc": null,
        "name": "Leaves Skirt",
        "slot": "Wing",
        "status": "Def ＋15, When Refining reaches ＋10 and Strength reaches 90, Atk ＋20, When Refining reaches ＋10 and Agility reaches 90, Equipment ASPD ＋5%, When Refining reaches ＋10 and Vitality reaches 90, Neutral Dmg Taken -10%, When Refining reaches ＋10 and Intelligence reaches 90, M.Atk ＋20, When Refining reaches ＋10 and Dexterity reaches 90, Ranged Damage ＋5%, When Refining reaches ＋10 and Luck reaches 90, Crit.Dmg ＋5%"
    },
    {
        "imgsrc": null,
        "name": "Legion Plate Armor",
        "slot": "Armour",
        "status": "VIT ＋6, Max HP ＋15%, When Refining ＋5, ＋10, ＋15, Crit.Dmg Taken -5%, -10%, -15% respectively"
    },
    {
        "imgsrc": null,
        "name": "Legion Plate Armor [1]",
        "slot": "Armour",
        "status": "VIT ＋6, Max HP ＋15%, When Refining ＋5, ＋10, ＋15, Crit.Dmg Taken -5%, -10%, -15% respectively"
    },
    {
        "imgsrc": null,
        "name": "Legionnaire Hat",
        "slot": "Head",
        "status": "Dex ＋3, AGI ＋3"
    },
    {
        "imgsrc": null,
        "name": "Legionnaire Hat [1]",
        "slot": "Head",
        "status": "Atk ＋30"
    },
    {
        "imgsrc": "//www.roguard.net/content/img/icons/items/item_45112.png",
        "name": "Lemegeton Ears",
        "slot": "Head",
        "status": "Def ＋15"
    },
    {
        "imgsrc": "//www.roguard.net/content/img/icons/items/item_45112.png",
        "name": "Lemegeton Ears [1]",
        "slot": "Head",
        "status": "Def ＋15"
    },
    {
        "imgsrc": "//www.roguard.net/content/img/icons/items/item_48008.png",
        "name": "Lemegeton Tail",
        "slot": "Tail",
        "status": "Def ＋15"
    },
    {
        "imgsrc": "//www.roguard.net/content/img/icons/items/item_48547.png",
        "name": "Lemegeton's Eyes",
        "slot": "Face",
        "status": "Def ＋10"
    },
    {
        "imgsrc": null,
        "name": "Leo Crown",
        "slot": "Head",
        "status": "Dex ＋1"
    },
    {
        "imgsrc": null,
        "name": "Leo Crown [1]",
        "slot": "Head",
        "status": "Dex ＋1"
    },
    {
        "imgsrc": null,
        "name": "Leo Diadem",
        "slot": "Head",
        "status": "Def ＋10"
    }
]