[
    {
        "imgsrc": null,
        "name": "School Clothing Series",
        "slot": "Armour",
        "status": ""
    },
    {
        "imgsrc": null,
        "name": "School Life",
        "slot": "Tail",
        "status": "Dex ＋5, INT ＋5"
    },
    {
        "imgsrc": null,
        "name": "School Witch Mocha Brown",
        "slot": "Armour",
        "status": ""
    },
    {
        "imgsrc": null,
        "name": "School Witch·Christmas Red",
        "slot": "Armour",
        "status": ""
    },
    {
        "imgsrc": null,
        "name": "School Witch·Crystal Purple",
        "slot": "Armour",
        "status": ""
    },
    {
        "imgsrc": null,
        "name": "School Witch·Demon Purple",
        "slot": "Armour",
        "status": ""
    },
    {
        "imgsrc": null,
        "name": "School Witch·Starfish Yellow",
        "slot": "Armour",
        "status": ""
    },
    {
        "imgsrc": null,
        "name": "School Witch·Sugar Brown",
        "slot": "Armour",
        "status": ""
    },
    {
        "imgsrc": null,
        "name": "School Witch·Turquoise Green",
        "slot": "Armour",
        "status": ""
    },
    {
        "imgsrc": null,
        "name": "School Witch·Water Blue",
        "slot": "Armour",
        "status": ""
    },
    {
        "imgsrc": "//www.roguard.net/content/img/icons/items/item_40301.png",
        "name": "Scimitar",
        "slot": "Sword",
        "status": "Atk + 90"
    },
    {
        "imgsrc": null,
        "name": "Scorpio Crown",
        "slot": "Head",
        "status": "M.Atk ＋1, Max HP ＋30"
    },
    {
        "imgsrc": null,
        "name": "Scorpio Crown [1]",
        "slot": "Head",
        "status": "No effect"
    },
    {
        "imgsrc": null,
        "name": "Scorpio Diadem",
        "slot": "Head",
        "status": "Dex ＋3, AGI ＋3"
    },
    {
        "imgsrc": null,
        "name": "Scorpio Diadem [1]",
        "slot": "Head",
        "status": "INT ＋2, VIT ＋1"
    },
    {
        "imgsrc": "//www.roguard.net/content/img/icons/items/item_42526.png",
        "name": "Scutum",
        "slot": "Shield",
        "status": "Def + 46"
    },
    {
        "imgsrc": "//www.roguard.net/content/img/icons/items/item_42526.png",
        "name": "Scutum [1]",
        "slot": "Shield",
        "status": "Def + 46"
    },
    {
        "imgsrc": "//www.roguard.net/content/img/icons/items/item_43520.png",
        "name": "Shackles [1]",
        "slot": "Shoes",
        "status": "Def + 22"
    },
    {
        "imgsrc": "//www.roguard.net/content/img/icons/items/item_43503.png",
        "name": "Shackles [2]",
        "slot": "Shoes",
        "status": "Def + 22"
    },
    {
        "imgsrc": null,
        "name": "Shadow Bracer [1]",
        "slot": "Bracer",
        "status": "Def + 112"
    }
]