[
    {
        "imgsrc": "//www.roguard.net/content/img/icons/items/item_45048.png",
        "name": "Puppy Love",
        "slot": "Head",
        "status": "Luk ＋3, Flee ＋5, For Refining ＋1, Flee ＋1 (upper limit of increase is 15)"
    },
    {
        "imgsrc": "//www.roguard.net/content/img/icons/items/item_45048.png",
        "name": "Puppy Love [1]",
        "slot": "Head",
        "status": "Luk ＋3, Flee ＋5, For Refining ＋1, Flee ＋1 (upper limit of increase is 15)"
    },
    {
        "imgsrc": null,
        "name": "Purple Poison Dagger [1]",
        "slot": "Knife",
        "status": "Str ＋5, With a large probability to set target into poisoning state when launching auto attacks, For Refining increases by 1, ignore 3% more Def, Damage of [Purple Poison Dagger] and [Venom Knife] increases by 100%, Poison state cannot be cured by Panacea"
    },
    {
        "imgsrc": null,
        "name": "Purple Poison Dagger [2]",
        "slot": "Knife",
        "status": "Str ＋5, With a large probability to set target into poisoning state when launching auto attacks, For Refining increases by 1, ignore 3% more Def, Damage of [Purple Poison Dagger] and [Venom Knife] increases by 100%, Poison state cannot be cured by Panacea"
    },
    {
        "imgsrc": null,
        "name": "Pyramid Puzzle",
        "slot": "Head",
        "status": "INT ＋3, Ignore MDef ＋5%, When INT reaches 200, ignore MDef ＋5%"
    },
    {
        "imgsrc": null,
        "name": "Pyramid Puzzle [1]",
        "slot": "Head",
        "status": "INT ＋3, Ignore MDef ＋5%, When INT reaches 200, ignore MDef ＋5%"
    },
    {
        "imgsrc": "//www.roguard.net/content/img/icons/items/item_41504.png",
        "name": "Quadrille [2]",
        "slot": "Mace",
        "status": "Atk + 112"
    },
    {
        "imgsrc": "//www.roguard.net/content/img/icons/items/item_41504.png",
        "name": "Quadrille [3]",
        "slot": "Mace",
        "status": "Atk + 112"
    },
    {
        "imgsrc": "//www.roguard.net/content/img/icons/items/item_45033.png",
        "name": "Queen's Hair Ornament",
        "slot": "Head",
        "status": "Def ＋10"
    },
    {
        "imgsrc": "//www.roguard.net/content/img/icons/items/item_45033.png",
        "name": "Queen's Hair Ornament [1]",
        "slot": "Head",
        "status": "Def ＋10"
    },
    {
        "imgsrc": null,
        "name": "Quietness Wizard Hat",
        "slot": "Head",
        "status": "Overall Ability ＋2, Atk ＋12, M.Atk ＋12"
    },
    {
        "imgsrc": null,
        "name": "Rabbit Bag",
        "slot": "Wing",
        "status": "Max SP ＋50, Max HP ＋100"
    },
    {
        "imgsrc": null,
        "name": "Rabbit Earmuff",
        "slot": "Head",
        "status": "Max HP ＋50, Max SP ＋50"
    },
    {
        "imgsrc": null,
        "name": "Rabbit Hat",
        "slot": "Head",
        "status": "Max HP ＋100"
    },
    {
        "imgsrc": null,
        "name": "Rabbit Lamp",
        "slot": "Head",
        "status": ""
    },
    {
        "imgsrc": null,
        "name": "Rabbit Lamp 1",
        "slot": "Head",
        "status": ""
    },
    {
        "imgsrc": "//www.roguard.net/content/img/icons/items/item_45113.png",
        "name": "Raccoon Hat",
        "slot": "Head",
        "status": "Def ＋15"
    },
    {
        "imgsrc": "//www.roguard.net/content/img/icons/items/item_45113.png",
        "name": "Raccoon Hat [1]",
        "slot": "Head",
        "status": "Def ＋15"
    },
    {
        "imgsrc": null,
        "name": "Radiant Sun God Backwear",
        "slot": "Wing",
        "status": "Max HP ＋5000, Def ＋5%, MDef ＋15%, Crit Res＋15, Dmg Reduc. ＋2.5%, Magic Reduc. ＋7.5%, Poison, Holy, Dark, Ghost, Neutral damage taken -5%, Fire, Water, Earth and Wind damage taken -15%, Gain passive skill [Solar Counter]: When you’re hit, deals (Atk ＋ M.Atk)*50% Real Damage to the attacker."
    },
    {
        "imgsrc": null,
        "name": "Radio Antenna",
        "slot": "Head",
        "status": "Dex ＋3, AGI ＋3"
    }
]