[
    {
        "imgsrc": "//www.roguard.net/content/img/icons/items/item_41504.png",
        "name": "Cat Club [2]",
        "slot": "Mace",
        "status": "Atk + 180"
    },
    {
        "imgsrc": "//www.roguard.net/content/img/icons/items/item_41504.png",
        "name": "Cat Club [3]",
        "slot": "Mace",
        "status": "Atk + 180"
    },
    {
        "imgsrc": "//www.roguard.net/content/img/icons/items/item_45146.png",
        "name": "Cat Ear Beret",
        "slot": "Head",
        "status": "Atk ＋5%"
    },
    {
        "imgsrc": "//www.roguard.net/content/img/icons/items/item_45146.png",
        "name": "Cat Ear Beret [1]",
        "slot": "Head",
        "status": "Atk ＋5%"
    },
    {
        "imgsrc": null,
        "name": "Cat Marshmallow",
        "slot": "Head",
        "status": "Def ＋20, M.Def ＋10"
    },
    {
        "imgsrc": null,
        "name": "Cat Marshmallow [1]",
        "slot": "Head",
        "status": "Dex ＋3, AGI ＋3"
    },
    {
        "imgsrc": "//www.roguard.net/content/img/icons/items/toy_506.png",
        "name": "Cat Toy [1]",
        "slot": "Knife",
        "status": "Atk + 96"
    },
    {
        "imgsrc": "//www.roguard.net/content/img/icons/items/toy_506.png",
        "name": "Cat Toy [2]",
        "slot": "Knife",
        "status": "Atk + 96"
    },
    {
        "imgsrc": "//www.roguard.net/content/img/icons/items/item_42041.png",
        "name": "Cat's Blessing",
        "slot": "Armour",
        "status": "Max HP ＋1000, [Advanced Sack Teddy Shoes] ＋ [Cat's Blessing VI] ＋ [Blueeve Cape IV]: Strength ＋5, Equipment ASPD ​​ ＋5%, [Cat's Blessing VI] ＋ [Crystal Pumps]: Fire/Water/Earth/Wind/Element atk ＋7%"
    },
    {
        "imgsrc": "//www.roguard.net/content/img/icons/items/item_42041.png",
        "name": "Cat's Blessing [1]",
        "slot": "Armour",
        "status": "Max HP ＋1000, [Advanced Sack Teddy Shoes] ＋ [Cat's Blessing VI] ＋ [Blueeve Cape IV]: Strength ＋5, Equipment ASPD ​​ ＋5%, [Cat's Blessing VI] ＋ [Crystal Pumps]: Fire/Water/Earth/Wind/Element atk ＋7%"
    },
    {
        "imgsrc": "//www.roguard.net/content/img/icons/items/item_41212.png",
        "name": "Catapult",
        "slot": "Bow",
        "status": "Atk + 158"
    },
    {
        "imgsrc": "//www.roguard.net/content/img/icons/items/item_41212.png",
        "name": "Catapult [2]",
        "slot": "Bow",
        "status": "Atk + 158"
    },
    {
        "imgsrc": null,
        "name": "Celestial Axe [1]",
        "slot": "Axe",
        "status": "Atk + 180"
    },
    {
        "imgsrc": null,
        "name": "Celestial Axe [2]",
        "slot": "Axe",
        "status": "Atk + 180"
    },
    {
        "imgsrc": null,
        "name": "Celestial Dark Flame",
        "slot": "Face",
        "status": "Def ＋15"
    },
    {
        "imgsrc": "//www.roguard.net/content/img/icons/items/item_41533.png",
        "name": "Chain",
        "slot": "Mace",
        "status": "Atk + 90"
    },
    {
        "imgsrc": "//www.roguard.net/content/img/icons/items/item_42005.png",
        "name": "Chain Mail",
        "slot": "Armour",
        "status": "VIT ＋2, HP Regen ＋3%"
    },
    {
        "imgsrc": "//www.roguard.net/content/img/icons/items/item_42005.png",
        "name": "Chain Mail [1]",
        "slot": "Armour",
        "status": "VIT ＋2, HP Regen ＋3%"
    },
    {
        "imgsrc": "//www.roguard.net/content/img/icons/items/item_41533.png",
        "name": "Chain [2]",
        "slot": "Mace",
        "status": "Atk + 90"
    },
    {
        "imgsrc": null,
        "name": "Chameleon Armor",
        "slot": "Armour",
        "status": ""
    }
]