[
    {
        "imgsrc": "//www.roguard.net/content/img/icons/items/item_42515.png",
        "name": "Memory Book [1]",
        "slot": "Shield",
        "status": "Def + 33"
    },
    {
        "imgsrc": "//www.roguard.net/content/img/icons/items/item_42032.png",
        "name": "Mercenary Armor",
        "slot": "Armour",
        "status": "Def + 84"
    },
    {
        "imgsrc": "//www.roguard.net/content/img/icons/items/item_42032.png",
        "name": "Mercenary Armor [1]",
        "slot": "Armour",
        "status": "Def + 84"
    },
    {
        "imgsrc": "//www.roguard.net/content/img/icons/items/item_41210.png",
        "name": "Mercenary Bow",
        "slot": "Bow",
        "status": "Atk + 129"
    },
    {
        "imgsrc": "//www.roguard.net/content/img/icons/items/item_41210.png",
        "name": "Mercenary Bow [2]",
        "slot": "Bow",
        "status": "Atk + 129"
    },
    {
        "imgsrc": "//www.roguard.net/content/img/icons/items/item_42033.png",
        "name": "Mercenary Coat",
        "slot": "Armour",
        "status": "Def + 42"
    },
    {
        "imgsrc": "//www.roguard.net/content/img/icons/items/item_42033.png",
        "name": "Mercenary Coat [1]",
        "slot": "Armour",
        "status": "Def + 42"
    },
    {
        "imgsrc": "//www.roguard.net/content/img/icons/items/item_41537.png",
        "name": "Mercenary Hammer",
        "slot": "Mace",
        "status": "Atk + 162"
    },
    {
        "imgsrc": "//www.roguard.net/content/img/icons/items/item_41537.png",
        "name": "Mercenary Hammer [2]",
        "slot": "Mace",
        "status": "Atk + 162"
    },
    {
        "imgsrc": "//www.roguard.net/content/img/icons/items/item_40906.png",
        "name": "Mercenary Katar",
        "slot": "Katar",
        "status": "Atk + 129"
    },
    {
        "imgsrc": "//www.roguard.net/content/img/icons/items/item_40906.png",
        "name": "Mercenary Katar [2]",
        "slot": "Katar",
        "status": "Atk + 129"
    },
    {
        "imgsrc": "//www.roguard.net/content/img/icons/items/item_40710.png",
        "name": "Mercenary Knife",
        "slot": "Knife",
        "status": "Atk + 162"
    },
    {
        "imgsrc": "//www.roguard.net/content/img/icons/items/item_40710.png",
        "name": "Mercenary Knife [2]",
        "slot": "Knife",
        "status": "Atk + 162"
    },
    {
        "imgsrc": "//www.roguard.net/content/img/icons/items/item_42502.png",
        "name": "Mercenary Shield",
        "slot": "Shield",
        "status": "Def + 84"
    },
    {
        "imgsrc": "//www.roguard.net/content/img/icons/items/item_42502.png",
        "name": "Mercenary Shield [1]",
        "slot": "Shield",
        "status": "Def + 84"
    },
    {
        "imgsrc": "//www.roguard.net/content/img/icons/items/item_43533.png",
        "name": "Mercenary Shoes",
        "slot": "Shoes",
        "status": "Def + 25"
    },
    {
        "imgsrc": "//www.roguard.net/content/img/icons/items/item_43533.png",
        "name": "Mercenary Shoes [1]",
        "slot": "Shoes",
        "status": "Def + 25"
    },
    {
        "imgsrc": "//www.roguard.net/content/img/icons/items/item_40026.png",
        "name": "Mercenary Spear",
        "slot": "Spear",
        "status": "Atk + 202"
    },
    {
        "imgsrc": "//www.roguard.net/content/img/icons/items/item_40026.png",
        "name": "Mercenary Spear [2]",
        "slot": "Spear",
        "status": "Atk + 202"
    },
    {
        "imgsrc": "//www.roguard.net/content/img/icons/items/item_40630.png",
        "name": "Mercenary Staff",
        "slot": "Staff",
        "status": "M.Atk + 97"
    }
]