[
    {
        "imgsrc": "//www.roguard.net/content/img/icons/items/item_62001.png",
        "name": "Energy Equipment [1]",
        "slot": "Trolley",
        "status": "Def + 112"
    },
    {
        "imgsrc": "//www.roguard.net/content/img/icons/items/item_62001.png",
        "name": "Energy Equipment [2]",
        "slot": "Trolley",
        "status": "Def + 112"
    },
    {
        "imgsrc": null,
        "name": "Energy Rune Guard [1]",
        "slot": "Shield",
        "status": "Def + 112"
    },
    {
        "imgsrc": null,
        "name": "Energy Rune Guard [2]",
        "slot": "Shield",
        "status": "Def + 112"
    },
    {
        "imgsrc": null,
        "name": "Engineer’s Wrench [1]",
        "slot": "Mace",
        "status": "Str ＋5, Max HP ＋1000, ＋2% [Suicidal Destruction] damage for each refining level"
    },
    {
        "imgsrc": null,
        "name": "Engineer’s Wrench [2]",
        "slot": "Mace",
        "status": "Str ＋5, Max HP ＋1000, ＋2% [Suicidal Destruction] damage for each refining level"
    },
    {
        "imgsrc": null,
        "name": "Engorging Lee",
        "slot": "Face",
        "status": "Ignore M.Def ＋3%, Max HP ＋400"
    },
    {
        "imgsrc": null,
        "name": "Epic Spirit-Lightning",
        "slot": "Face",
        "status": "Int ＋1, Dex ＋1, Wind Dmg ＋10%, For Refining ＋1, Wind Dmg ＋1%"
    },
    {
        "imgsrc": null,
        "name": "Epic Spirit·Assassin Mist",
        "slot": "Katar",
        "status": ""
    },
    {
        "imgsrc": null,
        "name": "Epic Spirit·Assassin Mist(change color)",
        "slot": "Katar",
        "status": ""
    },
    {
        "imgsrc": null,
        "name": "Epic Spirit·Death Choice",
        "slot": "Head",
        "status": "Max HP ＋200, Damage to undead race ＋5%"
    },
    {
        "imgsrc": null,
        "name": "Epic Spirit·Death Choice(change color)",
        "slot": "Head",
        "status": "Dex ＋3, AGI ＋3"
    },
    {
        "imgsrc": null,
        "name": "Epic Spirit·Death Convoy",
        "slot": "Tail",
        "status": "Max HP ＋300, Damage to undead race ＋10%"
    },
    {
        "imgsrc": null,
        "name": "Epic Spirit·Death Convoy(change color)",
        "slot": "Tail",
        "status": "No effect"
    },
    {
        "imgsrc": null,
        "name": "Epic Spirit·Destructive Lightning",
        "slot": "Mouth",
        "status": "auto attack has a chance to proportionally convert the damage into HP"
    },
    {
        "imgsrc": null,
        "name": "Epic Spirit·Destructive Lightning(change color)",
        "slot": "Mouth",
        "status": "auto attack has a chance to proportionally convert the damage into HP"
    },
    {
        "imgsrc": null,
        "name": "Epic Spirit·Eye of Lightning",
        "slot": "Mouth",
        "status": "auto attack has a chance to proportionally convert the damage into HP"
    },
    {
        "imgsrc": null,
        "name": "Epic Spirit·Gern's Singing",
        "slot": "Staff",
        "status": ""
    },
    {
        "imgsrc": null,
        "name": "Epic Spirit·Gern's Singing(change color)",
        "slot": "Staff",
        "status": ""
    },
    {
        "imgsrc": null,
        "name": "Epic Spirit·Gerold's Glory",
        "slot": "Spear",
        "status": ""
    }
]