[
    {
        "imgsrc": null,
        "name": "Statue of Tyche [2]",
        "slot": "Eikon",
        "status": "Def + 112"
    },
    {
        "imgsrc": "//www.roguard.net/content/img/icons/items/item_42037.png",
        "name": "Staunch Armor",
        "slot": "Armour",
        "status": "Str ＋2, Dex ＋1, Avoid fear effect"
    },
    {
        "imgsrc": "//www.roguard.net/content/img/icons/items/item_42037.png",
        "name": "Staunch Armor [1]",
        "slot": "Armour",
        "status": "Str ＋2, Dex ＋1, Avoid fear effect"
    },
    {
        "imgsrc": "//www.roguard.net/content/img/icons/items/item_43027.png",
        "name": "Staunch Cape",
        "slot": "Robe",
        "status": "Def + 22"
    },
    {
        "imgsrc": "//www.roguard.net/content/img/icons/items/item_43027.png",
        "name": "Staunch Cape [1]",
        "slot": "Robe",
        "status": "Def + 22"
    },
    {
        "imgsrc": "//www.roguard.net/content/img/icons/items/item_42038.png",
        "name": "Staunch Clothes",
        "slot": "Armour",
        "status": "Dex ＋1, INT ＋2, Avoid fear effect, [Sura Rampage] ＋ [Staunch Clothes X] ＋ [Staunch Ring IV]: ＋5% [Hell Gate] damage"
    },
    {
        "imgsrc": "//www.roguard.net/content/img/icons/items/item_42038.png",
        "name": "Staunch Clothes [1]",
        "slot": "Armour",
        "status": "Dex ＋1, INT ＋2, Avoid fear effect, [Sura Rampage] ＋ [Staunch Clothes X] ＋ [Staunch Ring IV]: ＋5% [Hell Gate] damage"
    },
    {
        "imgsrc": null,
        "name": "Staunch Mana Manteau",
        "slot": "Robe",
        "status": "Neutral Dmg Taken -15%, Max HP ＋100, [Staunch Mana Manteau] ＋ [High Fashion Sandals IV]: Magic Reduc. ＋5%"
    },
    {
        "imgsrc": null,
        "name": "Staunch Mana Manteau [1]",
        "slot": "Robe",
        "status": "Neutral Dmg Taken -15%, Max HP ＋100, [Staunch Mana Manteau] ＋ [High Fashion Sandals IV]: Magic Reduc. ＋5%"
    },
    {
        "imgsrc": "//www.roguard.net/content/img/icons/items/item_44003.png",
        "name": "Staunch Ring",
        "slot": "Accessory",
        "status": "Max HP ＋400, Max SP ＋150, Healing effect ＋5%, For [Asura Strike], the damage multiplier of [Skill level x4 ＋ Remaining Sp/100] increases by 1.5, [Sura Rampage] ＋ [Staunch Clothes X] ＋ [Staunch Ring IV]: ＋5% [Hell Gate] damage"
    },
    {
        "imgsrc": "//www.roguard.net/content/img/icons/items/item_44003.png",
        "name": "Staunch Ring [1]",
        "slot": "Accessory",
        "status": "Max HP ＋400, Max SP ＋150, Healing effect ＋5%, For [Asura Strike], the damage multiplier of [Skill level x4 ＋ Remaining Sp/100] increases by 1.5, [Sura Rampage] ＋ [Staunch Clothes X] ＋ [Staunch Ring IV]: ＋5% [Hell Gate] damage"
    },
    {
        "imgsrc": "//www.roguard.net/content/img/icons/items/item_43535.png",
        "name": "Staunch Shoes",
        "slot": "Shoes",
        "status": "Move Spd ＋2%, Max HP ＋ (Base Lv×10)"
    },
    {
        "imgsrc": "//www.roguard.net/content/img/icons/items/item_43535.png",
        "name": "Staunch Shoes [1]",
        "slot": "Shoes",
        "status": "Move Spd ＋2%, Max HP ＋ (Base Lv×10)"
    },
    {
        "imgsrc": "//www.roguard.net/content/img/icons/items/item_47022.png",
        "name": "Steam Goblin Bag",
        "slot": "Wing",
        "status": "Bag Slot ＋10, All Attributes ＋1, Dmg to Demi-Human ＋2%"
    },
    {
        "imgsrc": "//www.roguard.net/content/img/icons/items/item_41829.png",
        "name": "Steel Axe",
        "slot": "Axe",
        "status": "Atk + 150"
    },
    {
        "imgsrc": "//www.roguard.net/content/img/icons/items/item_41829.png",
        "name": "Steel Axe [2]",
        "slot": "Axe",
        "status": "Atk + 150"
    },
    {
        "imgsrc": "//www.roguard.net/content/img/icons/items/item_41832.png",
        "name": "Steel Battle Axe",
        "slot": "Axe",
        "status": "Atk + 180"
    },
    {
        "imgsrc": "//www.roguard.net/content/img/icons/items/item_41832.png",
        "name": "Steel Battle Axe [2]",
        "slot": "Axe",
        "status": "Atk + 180"
    },
    {
        "imgsrc": "//www.roguard.net/content/img/icons/items/item_41534.png",
        "name": "Steel Staff",
        "slot": "Mace",
        "status": "Atk + 108"
    },
    {
        "imgsrc": "//www.roguard.net/content/img/icons/items/item_41534.png",
        "name": "Steel Staff [2]",
        "slot": "Mace",
        "status": "Atk + 108"
    }
]