[
    {
        "imgsrc": null,
        "name": "Magic Moon Hat·Turquoise Green",
        "slot": "Head",
        "status": "All Attributes ＋1, Max HP ＋350"
    },
    {
        "imgsrc": null,
        "name": "Magic Moon Hat·Water Blue",
        "slot": "Head",
        "status": "All Attributes ＋1, Max HP ＋350"
    },
    {
        "imgsrc": null,
        "name": "Magic Tea Pot",
        "slot": "Head",
        "status": "Max SP ＋50, Refine Atk ＋5"
    },
    {
        "imgsrc": null,
        "name": "Magic Tea Pot [1]",
        "slot": "Head",
        "status": "Max SP ＋50, Refine Atk ＋5"
    },
    {
        "imgsrc": null,
        "name": "Magic Wand-Beast",
        "slot": "Bow",
        "status": ""
    },
    {
        "imgsrc": "//www.roguard.net/content/img/icons/items/item_45118.png",
        "name": "Magni's Cap",
        "slot": "Head",
        "status": "Def ＋6, INT ＋2"
    },
    {
        "imgsrc": "//www.roguard.net/content/img/icons/items/item_45118.png",
        "name": "Magni's Cap [1]",
        "slot": "Head",
        "status": "Def ＋6, INT ＋2"
    },
    {
        "imgsrc": "//www.roguard.net/content/img/icons/items/item_45031.png",
        "name": "Magnolia Hat",
        "slot": "Head",
        "status": "Def ＋5, Stunning Resistance ＋5%"
    },
    {
        "imgsrc": "//www.roguard.net/content/img/icons/items/item_45031.png",
        "name": "Magnolia Hat [1]",
        "slot": "Head",
        "status": "Def ＋5, Stunning Resistance ＋5%"
    },
    {
        "imgsrc": "//www.roguard.net/content/img/icons/items/item_45186.png",
        "name": "Maiden Band",
        "slot": "Head",
        "status": "Dmg to devil race ＋4%, Str ＋2"
    },
    {
        "imgsrc": "//www.roguard.net/content/img/icons/items/item_45186.png",
        "name": "Maiden Band [1]",
        "slot": "Head",
        "status": "Dmg to devil race ＋4%, Str ＋2"
    },
    {
        "imgsrc": "//www.roguard.net/content/img/icons/items/item_40703.png",
        "name": "Mailbreaker [2]",
        "slot": "Knife",
        "status": "Atk + 360"
    },
    {
        "imgsrc": "//www.roguard.net/content/img/icons/items/item_45072.png",
        "name": "Majestic Goat",
        "slot": "Head",
        "status": "Str ＋5, Ignore Def ＋10%, When Refining reaches 10, ignore Def ＋10%"
    },
    {
        "imgsrc": "//www.roguard.net/content/img/icons/items/item_45072.png",
        "name": "Majestic Goat [1]",
        "slot": "Head",
        "status": "Str ＋5, Ignore Def ＋10%, When Refining reaches 10, ignore Def ＋10%"
    },
    {
        "imgsrc": "//www.roguard.net/content/img/icons/items/item_41205.png",
        "name": "Malang Snow Crab [1]",
        "slot": "Bow",
        "status": "Luk ＋5, Crit.Dmg ＋15%, When LUK reaches 90, Crit.Dmg ＋10%, When Refining ＋5, ＋10, ＋15, Extra Crit.Dmg ＋5%, 5%, 15% respectively, [Sniping Suit IV] ＋[Malang Snow Crab IV]: Agi ＋5, Crit.Dmg ＋10%"
    },
    {
        "imgsrc": "//www.roguard.net/content/img/icons/items/item_41205.png",
        "name": "Malang Snow Crab [2]",
        "slot": "Bow",
        "status": "Luk ＋5, Crit.Dmg ＋15%, When LUK reaches 90, Crit.Dmg ＋10%, When Refining ＋5, ＋10, ＋15, Extra Crit.Dmg ＋5%, 5%, 15% respectively, [Sniping Suit IV] ＋[Malang Snow Crab IV]: Agi ＋5, Crit.Dmg ＋10%"
    },
    {
        "imgsrc": "//www.roguard.net/content/img/icons/items/item_43003.png",
        "name": "Manteau",
        "slot": "Robe",
        "status": "Def + 28"
    },
    {
        "imgsrc": "//www.roguard.net/content/img/icons/items/item_43003.png",
        "name": "Manteau [1]",
        "slot": "Robe",
        "status": "Def + 28"
    },
    {
        "imgsrc": "//www.roguard.net/content/img/icons/items/item_42027.png",
        "name": "Mantle",
        "slot": "Armour",
        "status": "Def + 24"
    },
    {
        "imgsrc": "//www.roguard.net/content/img/icons/items/item_42027.png",
        "name": "Mantle [1]",
        "slot": "Armour",
        "status": "Def + 24"
    }
]