[
    {
        "imgsrc": null,
        "name": "Sun Hat",
        "slot": "Head",
        "status": "Max HP ＋3000, Def ＋15%, MDef ＋5%, Crit Res ＋8,  Poison, Holy, Dark, Ghost, Neutral damage taken -10%"
    },
    {
        "imgsrc": "//www.roguard.net/content/img/icons/items/item_45066.png",
        "name": "Sunday Hat",
        "slot": "Head",
        "status": "M.Def ＋10, CT Variable -5%, When Refining reaches 10, CT Variable -15%"
    },
    {
        "imgsrc": "//www.roguard.net/content/img/icons/items/item_45066.png",
        "name": "Sunday Hat [1]",
        "slot": "Head",
        "status": "M.Def ＋10, CT Variable -5%, When Refining reaches 10, CT Variable -15%"
    },
    {
        "imgsrc": null,
        "name": "Sunflower Lollipop",
        "slot": "Mouth",
        "status": "Max HP ＋100, Max SP ＋100"
    },
    {
        "imgsrc": "//www.roguard.net/content/img/icons/items/item_48530.png",
        "name": "Sunglasses",
        "slot": "Face",
        "status": "Burning Resistance ＋5%"
    },
    {
        "imgsrc": null,
        "name": "Sunlight - Bright Spear",
        "slot": "Spear",
        "status": ""
    },
    {
        "imgsrc": null,
        "name": "Sunlight - Crow Bow",
        "slot": "Bow",
        "status": ""
    },
    {
        "imgsrc": null,
        "name": "Sunlight - Dawn Shield",
        "slot": "Shield",
        "status": ""
    },
    {
        "imgsrc": null,
        "name": "Sunlight - Feather Gloves",
        "slot": "Knuckle",
        "status": ""
    },
    {
        "imgsrc": null,
        "name": "Sunlight - Flame Katar",
        "slot": "Katar",
        "status": ""
    },
    {
        "imgsrc": null,
        "name": "Sunlight - Golden Wand",
        "slot": "Staff",
        "status": ""
    },
    {
        "imgsrc": null,
        "name": "Sunlight - Martial Sword",
        "slot": "Sword",
        "status": ""
    },
    {
        "imgsrc": null,
        "name": "Sunlight - Rainbow Axe",
        "slot": "Axe",
        "status": ""
    },
    {
        "imgsrc": null,
        "name": "Sunlight - Star Dagger",
        "slot": "Knife",
        "status": ""
    },
    {
        "imgsrc": null,
        "name": "Sunlight - Wings Hammer",
        "slot": "Mace",
        "status": ""
    },
    {
        "imgsrc": null,
        "name": "Sura Rampage [1]",
        "slot": "Knuckle",
        "status": "STR ＋6, INT ＋6, ＋100% [Hell Gate] multiplier,  ＋1% [Hell Gate] damage for each refining level gained,  At refining ＋5/＋10/＋15, ＋5%/5%/10% [Hell Gate] damage when used after [Fallen Empire], [Sura Rampage] ＋ [Staunch Clothes X] ＋ [Staunch Ring IV]: ＋5% [Hell Gate] damage"
    },
    {
        "imgsrc": null,
        "name": "Sura Rampage [2]",
        "slot": "Knuckle",
        "status": "STR ＋6, INT ＋6, ＋100% [Hell Gate] multiplier,  ＋1% [Hell Gate] damage for each refining level gained,  At refining ＋5/＋10/＋15, ＋5%/5%/10% [Hell Gate] damage when used after [Fallen Empire], [Sura Rampage] ＋ [Staunch Clothes X] ＋ [Staunch Ring IV]: ＋5% [Hell Gate] damage"
    },
    {
        "imgsrc": "//www.roguard.net/content/img/icons/items/item_48510.png",
        "name": "Surprised Mask",
        "slot": "Face",
        "status": "Damage reduction of Demi-Human race ＋10%"
    },
    {
        "imgsrc": "//www.roguard.net/content/img/icons/items/item_43016.png",
        "name": "Survivor's Manteau",
        "slot": "Robe",
        "status": "Def + 16"
    },
    {
        "imgsrc": "//www.roguard.net/content/img/icons/items/item_43016.png",
        "name": "Survivor's Manteau [1]",
        "slot": "Robe",
        "status": "Def + 16"
    }
]