[
    {
        "imgsrc": "//www.roguard.net/content/img/icons/items/item_45028.png",
        "name": "Tiara",
        "slot": "Head",
        "status": "Int ＋3, Damage to earth monsters ＋5%, For Refining ＋1, damage to earth monsters ＋1% (upper limit of increase is ＋15%)"
    },
    {
        "imgsrc": "//www.roguard.net/content/img/icons/items/item_45028.png",
        "name": "Tiara [1]",
        "slot": "Head",
        "status": "Int ＋3, Damage to earth monsters ＋5%, For Refining ＋1, damage to earth monsters ＋1% (upper limit of increase is ＋15%)"
    },
    {
        "imgsrc": "//www.roguard.net/content/img/icons/items/item_43525.png",
        "name": "Tidal Shoes",
        "slot": "Shoes",
        "status": "Move Spd ＋5%, Water Dmg Taken -10%, [Tidal Shoes VI] ＋[Silk Robe VI]: Has a 10% chance to turn the target into Water target for 10 seconds during auto attacks"
    },
    {
        "imgsrc": "//www.roguard.net/content/img/icons/items/item_43525.png",
        "name": "Tidal Shoes [1]",
        "slot": "Shoes",
        "status": "Move Spd ＋5%, Water Dmg Taken -10%, [Tidal Shoes VI] ＋[Silk Robe VI]: Has a 10% chance to turn the target into Water target for 10 seconds during auto attacks"
    },
    {
        "imgsrc": null,
        "name": "Tiga Doll Hat",
        "slot": "Head",
        "status": "M.Atk ＋20, CT Variable -5%"
    },
    {
        "imgsrc": null,
        "name": "Tiga Doll Hat [1]",
        "slot": "Head",
        "status": "M.Atk ＋20, CT Variable -5%"
    },
    {
        "imgsrc": null,
        "name": "Tiger head hat",
        "slot": "Head",
        "status": "Atk ＋15, Ignore Def ＋5%"
    },
    {
        "imgsrc": null,
        "name": "Tiger Mask",
        "slot": "Head",
        "status": "No effect"
    },
    {
        "imgsrc": "//www.roguard.net/content/img/icons/items/item_42016.png",
        "name": "Tights",
        "slot": "Armour",
        "status": "Dex ＋2, Atk ＋4%"
    },
    {
        "imgsrc": "//www.roguard.net/content/img/icons/items/item_42016.png",
        "name": "Tights [1]",
        "slot": "Armour",
        "status": "Dex ＋2, Atk ＋4%"
    },
    {
        "imgsrc": "//www.roguard.net/content/img/icons/items/item_43503.png",
        "name": "Time Keeper's Boots [1]",
        "slot": "Shoes",
        "status": "Def + 45"
    },
    {
        "imgsrc": "//www.roguard.net/content/img/icons/items/item_43504.png",
        "name": "Time Keeper's Boots [2]",
        "slot": "Shoes",
        "status": "Def + 45"
    },
    {
        "imgsrc": null,
        "name": "Time Keeper's Loop",
        "slot": "Wing",
        "status": ""
    },
    {
        "imgsrc": null,
        "name": "Time Keeper's Manteau [1]",
        "slot": "Robe",
        "status": "Def + 90"
    },
    {
        "imgsrc": null,
        "name": "Time Keeper's Manteau [2]",
        "slot": "Robe",
        "status": "Def + 90"
    },
    {
        "imgsrc": null,
        "name": "Time Observation",
        "slot": "Face",
        "status": "Max SP ＋50, Refining M.Atk ＋5"
    },
    {
        "imgsrc": null,
        "name": "Time Shadow",
        "slot": "Wing",
        "status": "Def ＋15, When Refining reaches ＋10 and Strength reaches 90, Atk ＋20, When Refining reaches ＋10 and Agility reaches 90, Equipment ASPD ＋5%, When Refining reaches ＋10 and Vitality reaches 90, Neutral Dmg Taken -10%, When Refining reaches ＋10 and Intelligence reaches 90, M.Atk ＋20, When Refining reaches ＋10 and Dexterity reaches 90, Ranged Damage ＋5%, When Refining reaches ＋10 and Luck reaches 90, Crit.Dmg ＋5%"
    },
    {
        "imgsrc": null,
        "name": "Time Wheel",
        "slot": "Head",
        "status": "Dex ＋3, AGI ＋3"
    },
    {
        "imgsrc": null,
        "name": "Time Wheel [1]",
        "slot": "Head",
        "status": "Dex ＋3, AGI ＋3"
    },
    {
        "imgsrc": "//www.roguard.net/content/img/icons/items/item_40301.png",
        "name": "Tirfing [2]",
        "slot": "Sword",
        "status": "Atk + 180"
    }
]