[
    {
        "imgsrc": null,
        "name": "Orb Doll Hat",
        "slot": "Head",
        "status": "Base EXP of killing monsters ＋4%, Job EXP of killing monsters ＋4%"
    },
    {
        "imgsrc": null,
        "name": "Orb Doll Hat [1]",
        "slot": "Head",
        "status": "Base EXP of killing monsters ＋4%, Job EXP of killing monsters ＋4%"
    },
    {
        "imgsrc": "//www.roguard.net/content/img/icons/items/item_45049.png",
        "name": "Orc Helm",
        "slot": "Head",
        "status": "Def ＋15"
    },
    {
        "imgsrc": "//www.roguard.net/content/img/icons/items/item_45049.png",
        "name": "Orc Helm [1]",
        "slot": "Head",
        "status": "Def ＋15"
    },
    {
        "imgsrc": null,
        "name": "Orc Hero's Mask",
        "slot": "Face",
        "status": ""
    },
    {
        "imgsrc": null,
        "name": "Orc Hero's Shield",
        "slot": "Sword",
        "status": ""
    },
    {
        "imgsrc": null,
        "name": "Orc Hero's Weapon",
        "slot": "Knife",
        "status": ""
    },
    {
        "imgsrc": "//www.roguard.net/content/img/icons/items/item_45095.png",
        "name": "Orc Lord Helm",
        "slot": "Head",
        "status": "Def ＋15"
    },
    {
        "imgsrc": "//www.roguard.net/content/img/icons/items/item_45095.png",
        "name": "Orc Lord Helm [1]",
        "slot": "Head",
        "status": "Def ＋15"
    },
    {
        "imgsrc": null,
        "name": "Orc Shield",
        "slot": "Sword",
        "status": ""
    },
    {
        "imgsrc": null,
        "name": "Orchid Hairband",
        "slot": "Head",
        "status": "Dex ＋3, AGI ＋3"
    },
    {
        "imgsrc": null,
        "name": "Orchid Hairband [1]",
        "slot": "Head",
        "status": "Dex ＋3, AGI ＋3"
    },
    {
        "imgsrc": null,
        "name": "Orcish Axe",
        "slot": "Sword",
        "status": ""
    },
    {
        "imgsrc": "//www.roguard.net/content/img/icons/items/item_41807.png",
        "name": "Orcish Axe [1]",
        "slot": "Axe",
        "status": "Agi ＋5, auto attack has a 5% chance to release [Cart Revolution] of the same level if it has been learned, otherwise [Cart Revolution] lv.1 will be released"
    },
    {
        "imgsrc": "//www.roguard.net/content/img/icons/items/item_41807.png",
        "name": "Orcish Axe [2]",
        "slot": "Axe",
        "status": "Agi ＋5, auto attack has a 5% chance to release [Cart Revolution] of the same level if it has been learned, otherwise [Cart Revolution] lv.1 will be released"
    },
    {
        "imgsrc": null,
        "name": "Original Will·Poring Balloon",
        "slot": "Wing",
        "status": "Dex ＋3, Luk ＋3, Neutral Dmg Taken -5%"
    },
    {
        "imgsrc": "//www.roguard.net/content/img/icons/items/item_44004.png",
        "name": "Orleans Necklace",
        "slot": "Accessory",
        "status": "Dex ＋3, M.Atk ＋30"
    },
    {
        "imgsrc": "//www.roguard.net/content/img/icons/items/item_44004.png",
        "name": "Orleans Necklace [1]",
        "slot": "Accessory",
        "status": "Dex ＋3, M.Atk ＋30"
    },
    {
        "imgsrc": "//www.roguard.net/content/img/icons/items/item_44005.png",
        "name": "Orleans's Gloves",
        "slot": "Accessory",
        "status": "Dex ＋2, M.Atk ＋10%"
    },
    {
        "imgsrc": "//www.roguard.net/content/img/icons/items/item_44005.png",
        "name": "Orleans's Gloves [1]",
        "slot": "Accessory",
        "status": "Dex ＋2, M.Atk ＋10%"
    }
]