[
    {
        "imgsrc": null,
        "name": "Dark Randgris Helm [1]",
        "slot": "Head",
        "status": "All Attributes ＋2, Max HP ＋800"
    },
    {
        "imgsrc": null,
        "name": "Dark Shadow",
        "slot": "Katar",
        "status": ""
    },
    {
        "imgsrc": null,
        "name": "Dark Wizard Hat",
        "slot": "Head",
        "status": "Overall Ability ＋2, Atk ＋12, M.Atk ＋12"
    },
    {
        "imgsrc": null,
        "name": "Darkness Orb [1]",
        "slot": "Orb",
        "status": "Def + 112"
    },
    {
        "imgsrc": null,
        "name": "Darkness Orb [2]",
        "slot": "Orb",
        "status": "Def + 112"
    },
    {
        "imgsrc": "//www.roguard.net/content/img/icons/items/item_41504.png",
        "name": "Dea Staff [2]",
        "slot": "Mace",
        "status": "Atk + 180"
    },
    {
        "imgsrc": "//www.roguard.net/content/img/icons/items/item_41504.png",
        "name": "Dea Staff [3]",
        "slot": "Mace",
        "status": "Atk + 180"
    },
    {
        "imgsrc": "//www.roguard.net/content/img/icons/items/item_40601.png",
        "name": "Dead Tree Cane [2]",
        "slot": "Staff",
        "status": "M.Atk + 180"
    },
    {
        "imgsrc": "//www.roguard.net/content/img/icons/items/item_40601.png",
        "name": "Dead Tree Cane [3]",
        "slot": "Staff",
        "status": "M.Atk + 180"
    },
    {
        "imgsrc": null,
        "name": "Death Black Crown",
        "slot": "Head",
        "status": "All Attributes ＋2, Pen. ＋4%, MPen. ＋4%"
    },
    {
        "imgsrc": "//www.roguard.net/content/img/icons/items/item_42036.png",
        "name": "Deathcat Armor",
        "slot": "Armour",
        "status": "Luk ＋5, When equipped by wizards, Archers, Acolytes, Silence Def ＋50%, When equipped by swordsmen, Merchants, Thieves, Stunning Def ＋50%"
    },
    {
        "imgsrc": "//www.roguard.net/content/img/icons/items/item_42036.png",
        "name": "Deathcat Armor [1]",
        "slot": "Armour",
        "status": "Luk ＋5, When equipped by wizards, Archers, Acolytes, Silence Def ＋50%, When equipped by swordsmen, Merchants, Thieves, Stunning Def ＋50%"
    },
    {
        "imgsrc": null,
        "name": "Deathcat Boots",
        "slot": "Shoes",
        "status": "Def ＋20, When equipped by wizards, Archers, Priests, Max HP ＋(Base Lv×8), When equipped by swordsmen, Merchants, Thieves, Max SP ＋ (Job Lv x5)"
    },
    {
        "imgsrc": null,
        "name": "Deathcat Boots [1]",
        "slot": "Shoes",
        "status": "Def ＋20, When equipped by wizards, Archers, Priests, Max HP ＋(Base Lv×8), When equipped by swordsmen, Merchants, Thieves, Max SP ＋ (Job Lv x5)"
    },
    {
        "imgsrc": "//www.roguard.net/content/img/icons/items/item_43005.png",
        "name": "Deathcat Cape",
        "slot": "Robe",
        "status": "When equipped by wizards, Archers, Acolytes, Flee ＋35, When Refining ＋10, Flee ＋10, When equipped by swordsmen/merchants/thieves, Reflection of Melee Dam ＋5%, When Refining ＋10, Damage reflection ＋15%"
    },
    {
        "imgsrc": "//www.roguard.net/content/img/icons/items/item_45193.png",
        "name": "Deathcat Helm [1]",
        "slot": "Head",
        "status": "M.Def ＋10, EXP penalty for death -20%"
    },
    {
        "imgsrc": "//www.roguard.net/content/img/icons/items/item_43536.png",
        "name": "Deathcat Shoes",
        "slot": "Shoes",
        "status": "When equipped by wizards, Archers, Priests, Max HP ＋(Base Lv×5), When equipped by swordsmen, Merchants, Thieves, Max SP ＋ (Job Lv x2)"
    },
    {
        "imgsrc": "//www.roguard.net/content/img/icons/items/item_43536.png",
        "name": "Deathcat Shoes [1]",
        "slot": "Shoes",
        "status": "When equipped by wizards, Archers, Priests, Max HP ＋(Base Lv×5), When equipped by swordsmen, Merchants, Thieves, Max SP ＋ (Job Lv x2)"
    },
    {
        "imgsrc": "//www.roguard.net/content/img/icons/items/item_45094.png",
        "name": "Decorative Golden Bell",
        "slot": "Head",
        "status": "M.Def ＋15"
    },
    {
        "imgsrc": "//www.roguard.net/content/img/icons/items/item_45094.png",
        "name": "Decorative Golden Bell [1]",
        "slot": "Head",
        "status": "M.Def ＋15"
    }
]