[
    {
        "imgsrc": null,
        "name": "Wagtail Crest [1]",
        "slot": "Head",
        "status": "Overall Ability ＋1,  Neutral Dmg ＋5%"
    },
    {
        "imgsrc": "//www.roguard.net/content/img/icons/items/item_40605.png",
        "name": "Wand",
        "slot": "Staff",
        "status": "M.Atk + 54"
    },
    {
        "imgsrc": "//www.roguard.net/content/img/icons/items/item_41504.png",
        "name": "Wand of Affection [2]",
        "slot": "Mace",
        "status": "Atk + 180"
    },
    {
        "imgsrc": "//www.roguard.net/content/img/icons/items/item_41504.png",
        "name": "Wand of Affection [3]",
        "slot": "Mace",
        "status": "Atk + 180"
    },
    {
        "imgsrc": null,
        "name": "Wand of Occult [1]",
        "slot": "Staff",
        "status": "M.Atk + 315"
    },
    {
        "imgsrc": null,
        "name": "Wand of Occult [2]",
        "slot": "Staff",
        "status": "M.Atk + 315"
    },
    {
        "imgsrc": "//www.roguard.net/content/img/icons/items/item_40605.png",
        "name": "Wand [2]",
        "slot": "Staff",
        "status": "M.Atk + 54"
    },
    {
        "imgsrc": null,
        "name": "Wandering Minstrel Hat",
        "slot": "Wing",
        "status": "Str ＋5, Dmg to Demi-Human race ＋5%, When Katar is equipped, Atk ＋4%, For Refining ＋1, Damage of [Sonic Blow] ＋1%"
    },
    {
        "imgsrc": null,
        "name": "Wandering Minstrel Hat [1]",
        "slot": "Wing",
        "status": "Str ＋5, Dmg to Demi-Human race ＋5%, When Katar is equipped, Atk ＋4%, For Refining ＋1, Damage of [Sonic Blow] ＋1%"
    },
    {
        "imgsrc": "//www.roguard.net/content/img/icons/items/item_41831.png",
        "name": "War Axe",
        "slot": "Axe",
        "status": "Atk + 90"
    },
    {
        "imgsrc": "//www.roguard.net/content/img/icons/items/item_41831.png",
        "name": "War Axe [2]",
        "slot": "Axe",
        "status": "Atk + 90"
    },
    {
        "imgsrc": null,
        "name": "War Ender",
        "slot": "Axe",
        "status": "Str ＋15, VIT ＋15, All Attributes ＋8, Equipment ASPD ＋10%, Atk ＋15%, Ignore Def ＋15%, Demi-Human Race Damage ＋30%, Max HP ＋15000"
    },
    {
        "imgsrc": null,
        "name": "War Ender 2 [2]",
        "slot": "Axe",
        "status": "Str ＋15, VIT ＋15, All Attributes ＋14, Equipment ASPD ＋10%, Atk ＋20%, Ignore Def ＋25%, Demi-Human Race Damage ＋40%, Max HP ＋23500, Dmg Reduc. ＋5%, Magic Reduc. ＋5%"
    },
    {
        "imgsrc": null,
        "name": "War Ender 3 [2]",
        "slot": "Axe",
        "status": "Str ＋15, VIT ＋15, All Attributes ＋20, Equipment ASPD ＋10%, Atk ＋25%, Ignore Def ＋35%, Demi-Human Race Damage ＋50%, Max HP ＋32000, Dmg Reduc. ＋10%, Magic Reduc. ＋10%"
    },
    {
        "imgsrc": null,
        "name": "War Ender Reforged",
        "slot": "Axe",
        "status": "Str ＋15, VIT ＋15, All Attributes ＋14, Equipment ASPD ＋10%, Atk ＋20%, Ignore Def ＋25%, Demi-Human Race Damage ＋40%, Max HP ＋23500, Dmg Reduc. ＋5%, Magic Reduc. ＋5%, The War Ender's power affects the caster, providing [Splitting Bamboo] to all allies in a 8-meter range. [Splitting Bamboo]: Stiff will be immunized when being attacked, self-damage ＋30%, moving speed ＋30%, this effect lasts 5 seconds; CD: 120 seconds."
    },
    {
        "imgsrc": null,
        "name": "War Ender Sky Forged",
        "slot": "Axe",
        "status": "Str ＋15, VIT ＋15, All Attributes ＋20, Equipment ASPD ＋10%, Atk ＋25%, Ignore Def ＋35%, Demi-Human Race Damage ＋50%, Max HP ＋32000, Dmg Reduc. ＋10%, Magic Reduc. ＋10%, The War Ender's power affects the caster, providing [Splitting Bamboo] to all allies in a 8-meter range. [Splitting Bamboo]: Stiff will be immunized when being attacked, self-damage ＋50%, moving speed ＋50%, this effect lasts 5 seconds; CD: 120 seconds."
    },
    {
        "imgsrc": null,
        "name": "War Ender [2]",
        "slot": "Axe",
        "status": "Str ＋15, VIT ＋15, All Attributes ＋8, Equipment ASPD ＋10%, Atk ＋15%, Ignore Def ＋15%, Demi-Human Race Damage ＋30%, Max HP ＋15000"
    },
    {
        "imgsrc": null,
        "name": "Warfare Axe [1]",
        "slot": "Axe",
        "status": "Atk + 180"
    },
    {
        "imgsrc": null,
        "name": "Warfare Axe [2]",
        "slot": "Axe",
        "status": "Atk + 180"
    },
    {
        "imgsrc": null,
        "name": "Warm Christmas Tree",
        "slot": "Head",
        "status": "M.Atk ＋10, Def ＋10"
    }
]