[
    {
        "imgsrc": null,
        "name": "Fire Knife [2]",
        "slot": "Knife",
        "status": "Fire, Str ＋5, For Refining ＋1, Dmg ＋1%"
    },
    {
        "imgsrc": null,
        "name": "Fire Tail",
        "slot": "Tail",
        "status": ""
    },
    {
        "imgsrc": "//www.roguard.net/content/img/icons/items/item_40301.png",
        "name": "Fireblend [2]",
        "slot": "Sword",
        "status": "Atk + 180"
    },
    {
        "imgsrc": "//www.roguard.net/content/img/icons/items/item_40301.png",
        "name": "Fireblend [3]",
        "slot": "Sword",
        "status": "Atk + 180"
    },
    {
        "imgsrc": null,
        "name": "Firmament Horn Headwear male",
        "slot": "Head",
        "status": ""
    },
    {
        "imgsrc": null,
        "name": "Firmament Horn[1]",
        "slot": "Head",
        "status": "Overall Ability ＋2, Critical ＋5, Crit.DMG ＋8%"
    },
    {
        "imgsrc": "//www.roguard.net/content/img/icons/items/item_48507.png",
        "name": "Fish In Mouth",
        "slot": "Mouth",
        "status": "When killing fish monsters, Characters will restore a certain amount of HP, the value is related to character's level."
    },
    {
        "imgsrc": null,
        "name": "Fist [1]",
        "slot": "Knuckle",
        "status": "Int ＋5, Damage of [Triple Attack] ＋10%, damage of [Chain Combo] ＋10%, damage of [Combo Finish] ＋15%, [Fist IV] ＋[Noble Bracer IV]: the probability of each auto attack bringing spirit bomb increases to 60%"
    },
    {
        "imgsrc": null,
        "name": "Fist [2]",
        "slot": "Knuckle",
        "status": "Int ＋5, Damage of [Triple Attack] ＋10%, damage of [Chain Combo] ＋10%, damage of [Combo Finish] ＋15%, [Fist IV] ＋[Noble Bracer IV]: the probability of each auto attack bringing spirit bomb increases to 60%"
    },
    {
        "imgsrc": "//www.roguard.net/content/img/icons/items/item_40310.png",
        "name": "Flamberge [1]",
        "slot": "Sword",
        "status": "Equipment ASPD ＋5%, Flee ＋30, [Flamberge X] ＋ [Advanced Sack Teddy Shoes IV] ＋ [Undershirt VIII] ＋ [Beast Heart VIII]: ＋3% Atk, ＋3% Crit.Dmg, ＋5% Atk SPD, ＋10% Max HP, The wearer's Def and MDef will decrease by 2/3"
    },
    {
        "imgsrc": "//www.roguard.net/content/img/icons/items/item_40310.png",
        "name": "Flamberge [2]",
        "slot": "Sword",
        "status": "Equipment ASPD ＋5%, Flee ＋30, [Flamberge X] ＋ [Advanced Sack Teddy Shoes IV] ＋ [Undershirt VIII] ＋ [Beast Heart VIII]: ＋3% Atk, ＋3% Crit.Dmg, ＋5% Atk SPD, ＋10% Max HP, The wearer's Def and MDef will decrease by 2/3"
    },
    {
        "imgsrc": null,
        "name": "Flame Light",
        "slot": "Sword",
        "status": ""
    },
    {
        "imgsrc": null,
        "name": "Flame Lips",
        "slot": "Mouth",
        "status": "auto attack has a chance to proportionally convert the damage into HP"
    },
    {
        "imgsrc": "//www.roguard.net/content/img/icons/items/item_44027.png",
        "name": "Flame Ring",
        "slot": "Accessory",
        "status": "INT ＋5, Fire Dmg ＋10%"
    },
    {
        "imgsrc": "//www.roguard.net/content/img/icons/items/item_44027.png",
        "name": "Flame Ring [1]",
        "slot": "Accessory",
        "status": "INT ＋5, Fire Dmg ＋10%"
    },
    {
        "imgsrc": null,
        "name": "Flame Thrower [1]",
        "slot": "Trolley",
        "status": "Def + 112"
    },
    {
        "imgsrc": null,
        "name": "Flame Thrower [2]",
        "slot": "Trolley",
        "status": "Def + 112"
    },
    {
        "imgsrc": null,
        "name": "Flame Wing",
        "slot": "Wing",
        "status": "No effect"
    },
    {
        "imgsrc": "//www.roguard.net/content/img/icons/items/item_47004.png",
        "name": "Flapping Angel Wing",
        "slot": "Wing",
        "status": "No effect"
    },
    {
        "imgsrc": null,
        "name": "Flare Hat I",
        "slot": "Head",
        "status": "Max HP ＋3000, Def ＋5%, MDef ＋5%, Crit Res＋8, Dmg Reduc. ＋2.5%, Magic Reduc. ＋2.5%, Poison, Holy, Dark, Ghost, Neutral, Fire, Water, Earth and Wind damage taken -5%"
    }
]