[
    {
        "imgsrc": null,
        "name": "Bradium Shield [2]",
        "slot": "Shield",
        "status": "Def + 33"
    },
    {
        "imgsrc": null,
        "name": "Bradium Shield[1]",
        "slot": "Shield",
        "status": "Def + 33"
    },
    {
        "imgsrc": null,
        "name": "Bread in Mouth",
        "slot": "Mouth",
        "status": "auto attack has a chance to proportionally convert the damage into HP"
    },
    {
        "imgsrc": "//www.roguard.net/content/img/icons/items/item_45086.png",
        "name": "Bride's Corolla",
        "slot": "Head",
        "status": "Avoid being auto-targeted by demi-human monsters in the wild, After it sits down, flower that symbolizes happiness will bloom around."
    },
    {
        "imgsrc": "//www.roguard.net/content/img/icons/items/item_45086.png",
        "name": "Bride's Corolla [1]",
        "slot": "Head",
        "status": "Avoid being auto-targeted by demi-human monsters in the wild, After it sits down, flower that symbolizes happiness will bloom around."
    },
    {
        "imgsrc": "//www.roguard.net/content/img/icons/items/item_45138.png",
        "name": "Bright Fury",
        "slot": "Head",
        "status": "Def ＋5, Str ＋1, Equipment ASPD ＋2%, Atk ＋2%"
    },
    {
        "imgsrc": "//www.roguard.net/content/img/icons/items/item_45138.png",
        "name": "Bright Fury [1]",
        "slot": "Head",
        "status": "Def ＋5, Str ＋1, Equipment ASPD ＋2%, Atk ＋2%"
    },
    {
        "imgsrc": null,
        "name": "Bright Moon God Backwear",
        "slot": "Wing",
        "status": "Max HP ＋5000, Def ＋15%, MDef ＋5%, Crit Res＋15, Dmg Reduc. ＋7.5%, Magic Reduc. ＋2.5%, Poison, Holy, Dark, Ghost, Neutral damage taken -15%, Fire, Water, Earth and Wind damage taken -5%, Gain passive skill [Lunar Mirror Shield]: 30% chance to become immune to ranged attacks for the next 2s after being hit by a ranged physical attack"
    },
    {
        "imgsrc": null,
        "name": "Bright Star",
        "slot": "Staff",
        "status": ""
    },
    {
        "imgsrc": null,
        "name": "Brilliant Star God Backwear",
        "slot": "Wing",
        "status": "Max HP ＋5000, Def ＋10%, MDef ＋10%, Crit Res＋15, Dmg Reduc. ＋5%, Magic Reduc. ＋5%, Poison, Holy, Dark, Ghost, Neutral, Fire, Water, Earth and Wind damage taken -10%, Gain passive skill [Decaying Star]: Reduces Atk and M.Atk of nearby enemies within a 3m radius by 15%."
    },
    {
        "imgsrc": null,
        "name": "Brionac [2]",
        "slot": "Spear",
        "status": "Atk + 247"
    },
    {
        "imgsrc": "//www.roguard.net/content/img/icons/items/item_40005.png",
        "name": "Brionac [3]",
        "slot": "Spear",
        "status": "Atk + 247"
    },
    {
        "imgsrc": "//www.roguard.net/content/img/icons/items/item_44001.png",
        "name": "Brisingamen [4]",
        "slot": "Accessory",
        "status": "Max HP ＋40000, Max SP ＋4000, M.Atk ＋2000, Def ＋500, M.Def ＋500, Hit ＋100, Flee ＋100, Cri ＋100, Crit.Dmg ＋300%, All Attributes ＋50, Dmg Reduc. ＋50%, Magic Reduc. ＋50%, Dmg Bonus ＋50%, Dmg Bonus ＋50%, Ignore Def ＋50%, Ignore M.Def ＋50%, Move Spd ＋50%, "
    },
    {
        "imgsrc": "//www.roguard.net/content/img/icons/items/item_44022.png",
        "name": "Brooch",
        "slot": "Accessory",
        "status": "Atk + 42"
    },
    {
        "imgsrc": "//www.roguard.net/content/img/icons/items/item_44022.png",
        "name": "Brooch [1]",
        "slot": "Accessory",
        "status": "Atk + 42"
    },
    {
        "imgsrc": null,
        "name": "Brown Feather Gryphon",
        "slot": "Mount",
        "status": "Move Spd ＋25%"
    },
    {
        "imgsrc": "//www.roguard.net/content/img/icons/items/item_42503.png",
        "name": "Buckler",
        "slot": "Shield",
        "status": "Def + 28"
    },
    {
        "imgsrc": "//www.roguard.net/content/img/icons/items/item_42503.png",
        "name": "Buckler [1]",
        "slot": "Shield",
        "status": "Def + 28"
    },
    {
        "imgsrc": "//www.roguard.net/content/img/icons/items/item_45079.png",
        "name": "Bunny Band",
        "slot": "Head",
        "status": "Def ＋5, Luk ＋2"
    },
    {
        "imgsrc": "//www.roguard.net/content/img/icons/items/item_45079.png",
        "name": "Bunny Band [1]",
        "slot": "Head",
        "status": "Def ＋5, Luk ＋2"
    }
]