[
    {
        "imgsrc": null,
        "name": "Zero Doll Hat [1]",
        "slot": "Head",
        "status": "Atk ＋20, Damage to middle-size monster ＋6%"
    },
    {
        "imgsrc": "//www.roguard.net/content/img/icons/items/item_48505.png",
        "name": "Zorro Masque",
        "slot": "Face",
        "status": "Def ＋10"
    },
    {
        "imgsrc": null,
        "name": "[Year]",
        "slot": "Wing",
        "status": "All Attributes ＋1, Pen. ＋3%, MPen. ＋3%"
    },
    {
        "imgsrc": null,
        "name": "飞行椅子的幻想",
        "slot": "Tail",
        "status": "Lose SP first when taking damage. Each SP absorbs 5 damage (20 damage in PVP)."
    }
]