[
    {
        "imgsrc": null,
        "name": "For Alice [1]",
        "slot": "Head",
        "status": "Max HP ＋300, Job EXP of killing monsters ＋5%"
    },
    {
        "imgsrc": null,
        "name": "Forest Hunter [1]",
        "slot": "Bow",
        "status": "Critical ＋5, Crit.Dmg ＋10%, ＋10% [Deadly Snipe] multiplier for each refining level after reaching refining ＋8 (up to 70%),  ＋5% Crit.Dmg at refining ＋5, ＋10% Crit.Dmg at refining ＋10, ＋10% [Deadly Snipe] damage at refining ＋15"
    },
    {
        "imgsrc": null,
        "name": "Forest Hunter [2]",
        "slot": "Bow",
        "status": "Critical ＋5, Crit.Dmg ＋10%, ＋10% [Deadly Snipe] multiplier for each refining level after reaching refining ＋8 (up to 70%),  ＋5% Crit.Dmg at refining ＋5, ＋10% Crit.Dmg at refining ＋10, ＋10% [Deadly Snipe] damage at refining ＋15"
    },
    {
        "imgsrc": "//www.roguard.net/content/img/icons/items/item_40622.png",
        "name": "Forest Staff [1]",
        "slot": "Staff",
        "status": "Agi ＋5, Equipment ASPD ＋15%, Spray damage to targets and all targets surrounding in a small area\\ (only effective to Mages), Refining increases by 1, Flee ＋3, Equipment ASPD ＋1%"
    },
    {
        "imgsrc": "//www.roguard.net/content/img/icons/items/item_40622.png",
        "name": "Forest Staff [2]",
        "slot": "Staff",
        "status": "Agi ＋5, Equipment ASPD ＋15%, Spray damage to targets and all targets surrounding in a small area\\ (only effective to Mages), Refining increases by 1, Flee ＋3, Equipment ASPD ＋1%"
    },
    {
        "imgsrc": null,
        "name": "Forever Flame [1]",
        "slot": "Knife",
        "status": ""
    },
    {
        "imgsrc": null,
        "name": "Forged Eternal Spear",
        "slot": "Spear",
        "status": "Str ＋18, Agi ＋12, All Attributes ＋14, Equipment ASPD ＋10%, Dmg ＋15%, Ignore Def ＋25%, Demi-Human Race Damage ＋40%, Max HP ＋25000, Dmg Reduc. ＋5%, Magic Reduc. ＋5%, The Eternal Spear bursts out of Valkyrie’s Will, which shines all enemies in a 6-meter range. [Valkyrie’s Will]: targets affected by Valkyrie’s Will cannot cast any skills. This effect lasts 4 seconds and cannot be removed by Panacea (silence); CD: 120 seconds."
    },
    {
        "imgsrc": "//www.roguard.net/content/img/icons/items/item_42029.png",
        "name": "Formal Suit",
        "slot": "Armour",
        "status": "Def + 19"
    },
    {
        "imgsrc": "//www.roguard.net/content/img/icons/items/item_42029.png",
        "name": "Formal Suit [1]",
        "slot": "Armour",
        "status": "Def + 19"
    },
    {
        "imgsrc": null,
        "name": "Fortune Cat Fan",
        "slot": "Sword",
        "status": ""
    },
    {
        "imgsrc": null,
        "name": "Fortune Cat Wings",
        "slot": "Wing",
        "status": ""
    },
    {
        "imgsrc": "//www.roguard.net/content/img/icons/items/item_44001.png",
        "name": "Fortune Necklace [2]",
        "slot": "Accessory",
        "status": "Atk + 20"
    },
    {
        "imgsrc": "//www.roguard.net/content/img/icons/items/item_40715.png",
        "name": "Fortune Sword [1]",
        "slot": "Knife",
        "status": "Int ＋10, Max HP ＋600, Soul Breaker Damage ＋20%, For Refining ＋15, Soul Breaker will bring bonus of Ranged damage"
    },
    {
        "imgsrc": "//www.roguard.net/content/img/icons/items/item_40715.png",
        "name": "Fortune Sword [2]",
        "slot": "Knife",
        "status": "Int ＋10, Max HP ＋600, Soul Breaker Damage ＋20%, For Refining ＋15, Soul Breaker will bring bonus of Ranged damage"
    },
    {
        "imgsrc": "//www.roguard.net/content/img/icons/items/item_45142.png",
        "name": "Fox Ears Bell Ribbon",
        "slot": "Head",
        "status": "Int ＋3, Max HP ＋5%, For Refining ＋1, healing value of a single target ＋1% (upper limit of increase is 15%)"
    },
    {
        "imgsrc": "//www.roguard.net/content/img/icons/items/item_45142.png",
        "name": "Fox Ears Bell Ribbon [1]",
        "slot": "Head",
        "status": "INT ＋3, Max HP ＋5%"
    },
    {
        "imgsrc": null,
        "name": "Fox Grass",
        "slot": "Face",
        "status": ""
    },
    {
        "imgsrc": null,
        "name": "Fox King’s Smiling Face",
        "slot": "Head",
        "status": "M.Atk ＋10, Max SP ＋100"
    },
    {
        "imgsrc": null,
        "name": "Fox King’s Smiling Face [1]",
        "slot": "Head",
        "status": "M.Atk ＋10, Max SP ＋100"
    },
    {
        "imgsrc": "//www.roguard.net/content/img/icons/items/item_61004.png",
        "name": "Fox Wrist Guard",
        "slot": "Bracer",
        "status": "Def + 33"
    }
]