[
    {
        "imgsrc": "//www.roguard.net/content/img/icons/items/item_45144.png",
        "name": "Driver Band",
        "slot": "Head",
        "status": "Str ＋1, Dex ＋1, M.Def ＋10, When Strength reaches 120, Atk ＋15, Cri ＋5"
    },
    {
        "imgsrc": "//www.roguard.net/content/img/icons/items/item_45144.png",
        "name": "Driver Band [1]",
        "slot": "Head",
        "status": "Str ＋1, Dex ＋1, M.Def ＋10, When Strength reaches 120, Atk ＋15, Cri ＋5"
    },
    {
        "imgsrc": null,
        "name": "Drooping Baphomet Jr.",
        "slot": "Head",
        "status": "Atk ＋40, When Refining reaches 10, Cri ＋10"
    },
    {
        "imgsrc": null,
        "name": "Drooping Baphomet Jr. [1]",
        "slot": "Head",
        "status": "Atk ＋40, When Refining reaches 10, Cri ＋10"
    },
    {
        "imgsrc": "//www.roguard.net/content/img/icons/items/item_45100.png",
        "name": "Drooping Cat",
        "slot": "Head",
        "status": "Luk ＋3,  Fear Def ＋50%, Blind Def ＋50%"
    },
    {
        "imgsrc": "//www.roguard.net/content/img/icons/items/item_45100.png",
        "name": "Drooping Cat [1]",
        "slot": "Head",
        "status": "Luk ＋3,  Fear Def ＋50%, Blind Def ＋50%"
    },
    {
        "imgsrc": null,
        "name": "Drooping Pope",
        "slot": "Head",
        "status": "No effect"
    },
    {
        "imgsrc": null,
        "name": "Drooping Pope [1]",
        "slot": "Head",
        "status": "No effect"
    },
    {
        "imgsrc": null,
        "name": "Dropping Doll (Female)",
        "slot": "Head",
        "status": "Max HP ＋100, Def ＋10, M.Def ＋10"
    },
    {
        "imgsrc": null,
        "name": "Dropping Doll (Male)",
        "slot": "Head",
        "status": "Max HP ＋100, Def ＋10, M.Def ＋10"
    },
    {
        "imgsrc": null,
        "name": "Dropping Marionette",
        "slot": "Head",
        "status": "Def ＋15"
    },
    {
        "imgsrc": null,
        "name": "Dropping Marionette [1]",
        "slot": "Head",
        "status": "Def ＋15"
    },
    {
        "imgsrc": null,
        "name": "Duff's Cape",
        "slot": "Robe",
        "status": "VIT ＋5, Ranged Dmg Taken Reduction ＋15%"
    },
    {
        "imgsrc": null,
        "name": "Duff's Cape [1]",
        "slot": "Robe",
        "status": "VIT ＋5, Ranged Dmg Taken Reduction ＋15%"
    },
    {
        "imgsrc": null,
        "name": "Dulange Green Petite",
        "slot": "Mount",
        "status": "Move Spd ＋25%"
    },
    {
        "imgsrc": "//www.roguard.net/content/img/icons/items/toy_501.png",
        "name": "Dumber laser gun (Monster)",
        "slot": "Wing",
        "status": ""
    },
    {
        "imgsrc": "//www.roguard.net/content/img/icons/items/item_40335.png",
        "name": "Durandal Shadow",
        "slot": "Sword",
        "status": ""
    },
    {
        "imgsrc": null,
        "name": "Durandal Shadow",
        "slot": "Sword",
        "status": ""
    },
    {
        "imgsrc": null,
        "name": "Dusk Veil",
        "slot": "Mouth",
        "status": "Atk ＋10, M.Atk ＋10, Job EXP of killing monsters ＋3%"
    },
    {
        "imgsrc": "//www.roguard.net/content/img/icons/items/item_41833.png",
        "name": "Dwarf King's Axe",
        "slot": "Axe",
        "status": "Atk + 288"
    }
]