[
    {
        "imgsrc": "//www.roguard.net/content/img/icons/items/item_40601.png",
        "name": "Staff of Destruction [3]",
        "slot": "Staff",
        "status": "M.Atk + 180"
    },
    {
        "imgsrc": "//www.roguard.net/content/img/icons/items/item_40616.png",
        "name": "Staff of Element Fusion [1]",
        "slot": "Staff",
        "status": "Dex ＋5, AOE Dmg ＋20%, For Refining ＋8, ＋10, Damage ＋30%, ＋40% respectively (ranged skills include: [Storm Gust], [Lord of Vermilion], [Sightrasher], [Heaven's Drive], Etc.)"
    },
    {
        "imgsrc": "//www.roguard.net/content/img/icons/items/item_40616.png",
        "name": "Staff of Element Fusion [2]",
        "slot": "Staff",
        "status": "Dex ＋5, AOE Dmg ＋20%, For Refining ＋8, ＋10, Damage ＋30%, ＋40% respectively (ranged skills include: [Storm Gust], [Lord of Vermilion], [Sightrasher], [Heaven's Drive], Etc.)"
    },
    {
        "imgsrc": null,
        "name": "Staff of Mana Storm  [1]",
        "slot": "Staff",
        "status": "INT ＋5, Dex ＋5, M.Atk ＋12%, Every magic skill attack has a 15% chance to gain ＋10% M.Dmg Bonus for 10s"
    },
    {
        "imgsrc": null,
        "name": "Staff of Mana Storm  [2]",
        "slot": "Staff",
        "status": "INT ＋5, Dex ＋5, M.Atk ＋12%, Every magic skill attack has a 15% chance to gain ＋10% M.Dmg Bonus for 10s"
    },
    {
        "imgsrc": null,
        "name": "Staff of Wing [1]",
        "slot": "Mace",
        "status": "INT ＋6, The skill multiplier of Vanilmirth's [Caprice] ＋75%, For refining increases by ＋1, the skill multiplier of Vanilmirth's [Caprice] ＋35%"
    },
    {
        "imgsrc": null,
        "name": "Staff of Wing [2]",
        "slot": "Mace",
        "status": "INT ＋6, The skill multiplier of Vanilmirth's [Caprice] ＋75%, For refining increases by ＋1, the skill multiplier of Vanilmirth's [Caprice] ＋35%"
    },
    {
        "imgsrc": "//www.roguard.net/content/img/icons/items/item_40603.png",
        "name": "Staff [2]",
        "slot": "Staff",
        "status": "M.Atk + 43"
    },
    {
        "imgsrc": null,
        "name": "Star Backwear",
        "slot": "Wing",
        "status": "Max HP ＋3000, Def ＋10%, MDef ＋10%, Crit Res＋8,  Poison, Holy, Dark, Ghost, Neutral, Fire, Water, Earth and Wind damage taken -5%"
    },
    {
        "imgsrc": null,
        "name": "Star God Backwear",
        "slot": "Wing",
        "status": "Max HP ＋4000, Def ＋10%, MDef ＋10%, Crit Res＋15,  Poison, Holy, Dark, Ghost, Neutral, Fire, Water, Earth and Wind damage taken -10%, Gain passive skill [Decaying Star]: Reduces Atk and M.Atk of nearby enemies within a 3m radius by 8%."
    },
    {
        "imgsrc": null,
        "name": "Star Hat",
        "slot": "Head",
        "status": "Max HP ＋3000, Def ＋10%, MDef ＋10%, Crit Res＋8,  Poison, Holy, Dark, Ghost, Neutral, Fire, Water, Earth and Wind damage taken -5%"
    },
    {
        "imgsrc": null,
        "name": "Star Ring",
        "slot": "Accessory",
        "status": "MaxHp + 1314"
    },
    {
        "imgsrc": null,
        "name": "Star White Crown",
        "slot": "Head",
        "status": "All Attributes ＋2, Pen. ＋4%, MPen. ＋4%"
    },
    {
        "imgsrc": null,
        "name": "Stardust Robe",
        "slot": "Armour",
        "status": "Dex ＋4, Max SP ＋240"
    },
    {
        "imgsrc": null,
        "name": "Stardust Robe [1]",
        "slot": "Armour",
        "status": "Dex ＋4, Max SP ＋240"
    },
    {
        "imgsrc": null,
        "name": "Starlight Ship",
        "slot": "Head",
        "status": "Neutral Dmg ＋8%, Damage to middle-size monster ＋5%, Max HP ＋1000"
    },
    {
        "imgsrc": null,
        "name": "Starlight Ship [1]",
        "slot": "Head",
        "status": "Neutral Dmg ＋8%, Damage to middle-size monster ＋5%, Max HP ＋1000"
    },
    {
        "imgsrc": "//www.roguard.net/content/img/icons/items/item_42524.png",
        "name": "Static Shield",
        "slot": "Shield",
        "status": "Def + 51"
    },
    {
        "imgsrc": "//www.roguard.net/content/img/icons/items/item_42524.png",
        "name": "Static Shield [1]",
        "slot": "Shield",
        "status": "Def + 51"
    },
    {
        "imgsrc": null,
        "name": "Statue of Archangel",
        "slot": "Eikon",
        "status": "M.Def ＋25, Max HP ＋300, When equipped by Acolyte or Wizards, it brings 1 point of M.Atk for every 10 points of M.Def., [Silver Robe] ＋ [Statue of Archangel IV]: M.Atk ＋12%"
    }
]