[
    {
        "imgsrc": "//www.roguard.net/content/img/icons/items/item_44026.png",
        "name": "Ring",
        "slot": "Accessory",
        "status": "M.Atk + 5"
    },
    {
        "imgsrc": "//www.roguard.net/content/img/icons/items/item_40305.png",
        "name": "Ring Pommel Saber [2]",
        "slot": "Sword",
        "status": "Atk + 84"
    },
    {
        "imgsrc": "//www.roguard.net/content/img/icons/items/item_40305.png",
        "name": "Ring Pommel Saber [3]",
        "slot": "Sword",
        "status": "Atk + 84"
    },
    {
        "imgsrc": null,
        "name": "RJC Katusa Flower",
        "slot": "Head",
        "status": "Max SP ＋50, M.Atk ＋5"
    },
    {
        "imgsrc": null,
        "name": "RJC Katusa Flower [1]",
        "slot": "Head",
        "status": "Max SP ＋50, M.Atk ＋5"
    },
    {
        "imgsrc": "//www.roguard.net/content/img/icons/items/item_61501.png",
        "name": "RO Bracelet",
        "slot": "Accessory",
        "status": "Atk ＋5000, M.Atk ＋5000, Def ＋100000, M.Def ＋100000, Max HP ＋1000000, Max SP ＋100000, Hit ＋200, Flee ＋200, Cri ＋50, Life Steal ＋100%, CT Variable Reduction ＋100%, HP Regen ＋100%, SP Regen ＋100%"
    },
    {
        "imgsrc": "//www.roguard.net/content/img/icons/items/item_42043.png",
        "name": "Robe of Cast",
        "slot": "Armour",
        "status": "INT ＋4, M.Atk ＋5%, CT Variable -10%, [Wizardry Staff VIII] ＋ [Robe of Cast VIII] ＋ [Eye of Dullahan VIII] ＋ [Crystal Pumps IV]: -5% CT Variable, ＋3% M.Dmg, ＋3% Ignore MDef"
    },
    {
        "imgsrc": "//www.roguard.net/content/img/icons/items/item_42043.png",
        "name": "Robe of Cast [1]",
        "slot": "Armour",
        "status": "INT ＋4, M.Atk ＋5%, CT Variable -10%, [Wizardry Staff VIII] ＋ [Robe of Cast VIII] ＋ [Eye of Dullahan VIII] ＋ [Crystal Pumps IV]: -5% CT Variable, ＋3% M.Dmg, ＋3% Ignore MDef"
    },
    {
        "imgsrc": null,
        "name": "Robe of Judgment",
        "slot": "Armour",
        "status": "INT ＋5, Max HP ＋1000, Max SP ＋200, CT Variable -5%, ＋100% [Adoramus] multiplier upon reaching refining ＋10"
    },
    {
        "imgsrc": null,
        "name": "Robe of Judgment [1]",
        "slot": "Armour",
        "status": "INT ＋5, Max HP ＋1000, Max SP ＋200, CT Variable -5%, ＋100% [Adoramus] multiplier upon reaching refining ＋10"
    },
    {
        "imgsrc": null,
        "name": "Robinhood Hat",
        "slot": "Head",
        "status": "Str ＋1, VIT ＋1, INT ＋1, Dex ＋1, Agi ＋1, Luk ＋1"
    },
    {
        "imgsrc": "//www.roguard.net/content/img/icons/items/item_40602.png",
        "name": "Rod",
        "slot": "Staff",
        "status": "M.Atk + 21"
    },
    {
        "imgsrc": "//www.roguard.net/content/img/icons/items/item_40602.png",
        "name": "Rod [2]",
        "slot": "Staff",
        "status": "M.Atk + 21"
    },
    {
        "imgsrc": "//www.roguard.net/content/img/icons/items/item_40601.png",
        "name": "Rod [2] (pending)",
        "slot": "Staff",
        "status": "M.Atk + 15"
    },
    {
        "imgsrc": "//www.roguard.net/content/img/icons/items/item_40601.png",
        "name": "Rod [3] (pending)",
        "slot": "Staff",
        "status": "M.Atk + 15"
    },
    {
        "imgsrc": "//www.roguard.net/content/img/icons/items/item_42011.png",
        "name": "Rogue Clothes",
        "slot": "Armour",
        "status": "Agi ＋3, Str ＋1"
    },
    {
        "imgsrc": "//www.roguard.net/content/img/icons/items/item_42011.png",
        "name": "Rogue Clothes [1]",
        "slot": "Armour",
        "status": "Agi ＋3, Str ＋1"
    },
    {
        "imgsrc": "//www.roguard.net/content/img/icons/items/item_44018.png",
        "name": "Rogue's Treasure",
        "slot": "Accessory",
        "status": "Atk + 60"
    },
    {
        "imgsrc": "//www.roguard.net/content/img/icons/items/item_44018.png",
        "name": "Rogue's Treasure [1]",
        "slot": "Accessory",
        "status": "Atk + 60"
    },
    {
        "imgsrc": null,
        "name": "Roguemaster's Bow [1]",
        "slot": "Bow",
        "status": "Dex ＋4, ASPD ＋5%, auto attack has a chance to trigger [Archery Proficient]. [Archery Proficient]: ASPD ＋5%, Ranged Dmg ＋10%; the effect lasts 3 seconds."
    }
]