[
    {
        "imgsrc": "//www.roguard.net/content/img/icons/items/item_43503.png",
        "name": "Sleipnir [1]",
        "slot": "Shoes",
        "status": "Def + 45"
    },
    {
        "imgsrc": "//www.roguard.net/content/img/icons/items/item_43503.png",
        "name": "Sleipnir [2]",
        "slot": "Shoes",
        "status": "Def + 45"
    },
    {
        "imgsrc": null,
        "name": "Small Poring Band",
        "slot": "Head",
        "status": "Dex ＋3, AGI ＋3"
    },
    {
        "imgsrc": null,
        "name": "Small Poring Band [1]",
        "slot": "Head",
        "status": "Dex ＋5, Hit ＋10%"
    },
    {
        "imgsrc": "//www.roguard.net/content/img/icons/items/item_45069.png",
        "name": "Small Ribbons",
        "slot": "Head",
        "status": "Flee ＋20"
    },
    {
        "imgsrc": "//www.roguard.net/content/img/icons/items/item_45069.png",
        "name": "Small Ribbons [1]",
        "slot": "Head",
        "status": "Flee ＋20"
    },
    {
        "imgsrc": "//www.roguard.net/content/img/icons/items/item_41504.png",
        "name": "Smasher",
        "slot": "Mace",
        "status": "Atk + 112"
    },
    {
        "imgsrc": "//www.roguard.net/content/img/icons/items/item_48555.png",
        "name": "Smile Goblin Mask",
        "slot": "Face",
        "status": "Damage reduction of Demi-Human race ＋10%"
    },
    {
        "imgsrc": "//www.roguard.net/content/img/icons/items/item_48531.png",
        "name": "Smile Mask",
        "slot": "Face",
        "status": "Def ＋5"
    },
    {
        "imgsrc": "//www.roguard.net/content/img/icons/items/item_45180.png",
        "name": "Smokie Leaf",
        "slot": "Head",
        "status": "Def ＋10"
    },
    {
        "imgsrc": "//www.roguard.net/content/img/icons/items/item_45180.png",
        "name": "Smokie Leaf [1]",
        "slot": "Head",
        "status": "Def ＋10"
    },
    {
        "imgsrc": "//www.roguard.net/content/img/icons/items/item_45033.png",
        "name": "Snake hairpin",
        "slot": "Head",
        "status": ""
    },
    {
        "imgsrc": null,
        "name": "Sniping Suit",
        "slot": "Armour",
        "status": "Equipment ASPD ＋6%, Flee ＋25, When Luck reaches 60, Crit.Dmg ＋3%, When Luck reaches 90, Crit.Dmg ＋4%, When Luck reaches 120, Crit.Dmg ＋5%, [Sniping Suit IV] ＋[Malang Snow Crab IV]: Agi ＋5, Crit.Dmg ＋10%"
    },
    {
        "imgsrc": null,
        "name": "Sniping Suit [1]",
        "slot": "Armour",
        "status": "Equipment ASPD ＋6%, Flee ＋25, When Luck reaches 60, Crit.Dmg ＋3%, When Luck reaches 90, Crit.Dmg ＋4%, When Luck reaches 120, Crit.Dmg ＋5%, [Sniping Suit IV] ＋[Malang Snow Crab IV]: Agi ＋5, Crit.Dmg ＋10%"
    },
    {
        "imgsrc": null,
        "name": "Snow Mage Hat",
        "slot": "Head",
        "status": "INT ＋2, Dex ＋2, Max SP ＋100"
    },
    {
        "imgsrc": null,
        "name": "Snow Mage Hat [1]",
        "slot": "Head",
        "status": "INT ＋2, Dex ＋2, Max SP ＋100"
    },
    {
        "imgsrc": null,
        "name": "Snowman Horn",
        "slot": "Wing",
        "status": "Luk ＋5, Max HP ＋400"
    },
    {
        "imgsrc": "//www.roguard.net/content/img/icons/items/item_40301.png",
        "name": "Solar Sword [2]",
        "slot": "Sword",
        "status": "Atk + 180"
    },
    {
        "imgsrc": "//www.roguard.net/content/img/icons/items/item_40301.png",
        "name": "Solar Sword [3]",
        "slot": "Sword",
        "status": "Atk + 180"
    },
    {
        "imgsrc": "//www.roguard.net/content/img/icons/items/item_43506.png",
        "name": "Soldier Boots",
        "slot": "Shoes",
        "status": "Move Spd ＋5%, HP Regen ＋5%"
    }
]