[
    {
        "imgsrc": null,
        "name": "Roguemaster's Bow [2]",
        "slot": "Bow",
        "status": "Dex ＋4, ASPD ＋5%, auto attack has a chance to trigger [Archery Proficient]. [Archery Proficient]: ASPD ＋5%, Ranged Dmg ＋10%; the effect lasts 3 seconds."
    },
    {
        "imgsrc": null,
        "name": "Romance Origami",
        "slot": "Tail",
        "status": "Overall Ability ＋1, MAX HP＋100"
    },
    {
        "imgsrc": "//www.roguard.net/content/img/icons/items/item_48557.png",
        "name": "Romantic Flower",
        "slot": "Mouth",
        "status": "Damage reduction of plant race ＋5%"
    },
    {
        "imgsrc": "//www.roguard.net/content/img/icons/items/item_45010.png",
        "name": "Romantic Gent",
        "slot": "Head",
        "status": "Def ＋10"
    },
    {
        "imgsrc": "//www.roguard.net/content/img/icons/items/item_45010.png",
        "name": "Romantic Gent [1]",
        "slot": "Head",
        "status": "Def ＋10"
    },
    {
        "imgsrc": "//www.roguard.net/content/img/icons/items/item_48534.png",
        "name": "Romantic Leaf",
        "slot": "Mouth",
        "status": "Max HP ＋120, SP Regen ＋1"
    },
    {
        "imgsrc": "//www.roguard.net/content/img/icons/items/item_45200.png",
        "name": "Rooster Year Bandana",
        "slot": "Head",
        "status": "INT ＋2"
    },
    {
        "imgsrc": null,
        "name": "Rooster Year Bandana",
        "slot": "Head",
        "status": "INT ＋2"
    },
    {
        "imgsrc": null,
        "name": "Rosa Bracelet",
        "slot": "Bracelet",
        "status": "Def + 31"
    },
    {
        "imgsrc": null,
        "name": "Rosa Bracelet [1]",
        "slot": "Bracelet",
        "status": "Def + 31"
    },
    {
        "imgsrc": "//www.roguard.net/content/img/icons/items/item_42512.png",
        "name": "Rosa Shield",
        "slot": "Shield",
        "status": "Melee Dmg ＋15%, Hit ＋25"
    },
    {
        "imgsrc": "//www.roguard.net/content/img/icons/items/item_42512.png",
        "name": "Rosa Shield [1]",
        "slot": "Shield",
        "status": "Melee Dmg ＋15%, Hit ＋25"
    },
    {
        "imgsrc": "//www.roguard.net/content/img/icons/items/item_44019.png",
        "name": "Rosary",
        "slot": "Accessory",
        "status": "Atk + 48"
    },
    {
        "imgsrc": "//www.roguard.net/content/img/icons/items/item_44019.png",
        "name": "Rosary [1]",
        "slot": "Accessory",
        "status": "Atk + 48"
    },
    {
        "imgsrc": null,
        "name": "Rose Handkerchief",
        "slot": "Face",
        "status": "Max HP ＋100, Flee ＋10"
    },
    {
        "imgsrc": null,
        "name": "Rose Snowman Horn",
        "slot": "Wing",
        "status": "INT ＋5, Max HP ＋400"
    },
    {
        "imgsrc": null,
        "name": "Rose Witch Hat",
        "slot": "Head",
        "status": "Overall Ability ＋2, Atk ＋12, M.Atk ＋12"
    },
    {
        "imgsrc": "//www.roguard.net/content/img/icons/items/item_42510.png",
        "name": "Round Buckleer",
        "slot": "Shield",
        "status": "Max HP ＋50, Def ＋5"
    },
    {
        "imgsrc": "//www.roguard.net/content/img/icons/items/item_42510.png",
        "name": "Round Buckleer [1]",
        "slot": "Shield",
        "status": "Max HP ＋50, Def ＋5"
    },
    {
        "imgsrc": null,
        "name": "Royal Helm",
        "slot": "Head",
        "status": ""
    }
]