[
    {
        "imgsrc": "//www.roguard.net/content/img/icons/items/item_61006.png",
        "name": "Skull Bracer [1]",
        "slot": "Bracer",
        "status": "Flee ＋5, Max HP ＋60"
    },
    {
        "imgsrc": null,
        "name": "Skull Brooch",
        "slot": "Accessory",
        "status": ""
    },
    {
        "imgsrc": null,
        "name": "Skull Cap [1]",
        "slot": "Head",
        "status": "Max HP ＋100"
    },
    {
        "imgsrc": null,
        "name": "Skull Cape",
        "slot": "Robe",
        "status": "Def + 25"
    },
    {
        "imgsrc": null,
        "name": "Skull Cape [1]",
        "slot": "Robe",
        "status": "Def + 25"
    },
    {
        "imgsrc": "//www.roguard.net/content/img/icons/items/item_45185.png",
        "name": "Skull Hood",
        "slot": "Head",
        "status": "Avoid being auto-target by undead monsters, Undead Dmg Taken -20%"
    },
    {
        "imgsrc": "//www.roguard.net/content/img/icons/items/item_45185.png",
        "name": "Skull Hood [1]",
        "slot": "Head",
        "status": "Avoid being auto-target by undead monsters, Undead Dmg Taken -20%"
    },
    {
        "imgsrc": "//www.roguard.net/content/img/icons/items/item_44017.png",
        "name": "Skull Rin [1]",
        "slot": "Accessory",
        "status": "Atk + 42"
    },
    {
        "imgsrc": null,
        "name": "Skull Ring [1]",
        "slot": "Accessory",
        "status": ""
    },
    {
        "imgsrc": null,
        "name": "Sky Forged Eternal Spear",
        "slot": "Spear",
        "status": "Str ＋18, Agi ＋12, All Attributes ＋20, Equipment ASPD ＋10%, Dmg ＋18%, Ignore Def ＋35%, Demi-Human Race Damage ＋50%, Max HP ＋33000, Dmg Reduc. ＋10%, Magic Reduc. ＋10%, The Eternal Spear bursts out of Valkyrie’s Will, which shines all enemies in a 6-meter range. [Valkyrie’s Will]: targets affected by Valkyrie’s Will cannot cast any skills. This effect lasts 6 seconds and cannot be removed by Panacea (silence); CD: 90 seconds."
    },
    {
        "imgsrc": null,
        "name": "Sky Guard Helmet",
        "slot": "Head",
        "status": "Dmg Reduc. ＋2%, MDmg Reduc. ＋2%"
    },
    {
        "imgsrc": null,
        "name": "Sky Guard Helmet [1]",
        "slot": "Head",
        "status": "Dmg Reduc. ＋2%, MDmg Reduc. ＋2%"
    },
    {
        "imgsrc": null,
        "name": "Slash Axe [1]",
        "slot": "Axe",
        "status": "HP Regen ＋15, auto attack has a 15% chance to trigger [Last Resort]: spend 10% of Max HP to increase Atk by 15%; the effect lasts 5 seconds., When killing demi-human monsters, Caster has a chance to restore his/her own HP"
    },
    {
        "imgsrc": null,
        "name": "Slash Axe [2]",
        "slot": "Axe",
        "status": "HP Regen ＋15, auto attack has a 15% chance to trigger [Last Resort]: spend 10% of Max HP to increase Atk by 15%; the effect lasts 5 seconds., When killing demi-human monsters, Caster has a chance to restore his/her own HP"
    },
    {
        "imgsrc": "//www.roguard.net/content/img/icons/items/item_41509.png",
        "name": "Slash [1]",
        "slot": "Mace",
        "status": "Critical ＋20,  Wearer's PHY Def decreases by 1/3,  Refining increases by 1, damage of auto attack increases by 3%, [Slash V] ＋[Saint's Cape IV]: Equipment ASPD ＋5%, Atk ＋5%"
    },
    {
        "imgsrc": "//www.roguard.net/content/img/icons/items/item_41509.png",
        "name": "Slash [2]",
        "slot": "Mace",
        "status": "Critical ＋20,  Wearer's PHY Def decreases by 1/3,  Refining increases by 1, damage of auto attack increases by 3%, [Slash V] ＋[Saint's Cape IV]: Equipment ASPD ＋5%, Atk ＋5%"
    },
    {
        "imgsrc": "//www.roguard.net/content/img/icons/items/item_41836.png",
        "name": "Slaughter Hand Axe [1]",
        "slot": "Axe",
        "status": "Dex ＋5, Luk ＋5, Dmg to Brute race ＋15%, Ignore Brute defense, When you use Auto Attacks against Brute monsters, there is a chance to release [Dying Tactic] (invalid to MVP/MINI monsters)"
    },
    {
        "imgsrc": "//www.roguard.net/content/img/icons/items/item_41836.png",
        "name": "Slaughter Hand Axe [2]",
        "slot": "Axe",
        "status": "Dex ＋5, Luk ＋5, Dmg to Brute race ＋15%, Ignore Brute defense, When you use Auto Attacks against Brute monsters, there is a chance to release [Dying Tactic] (invalid to MVP/MINI monsters)"
    },
    {
        "imgsrc": "//www.roguard.net/content/img/icons/items/item_41810.png",
        "name": "Slaughter [1]",
        "slot": "Axe",
        "status": "Dex ＋5, Dmg to brute race ＋15%, When Refining ＋5, Dmg to brute race ＋5%"
    },
    {
        "imgsrc": "//www.roguard.net/content/img/icons/items/item_41810.png",
        "name": "Slaughter [2]",
        "slot": "Axe",
        "status": "Dex ＋5, Dmg to brute race ＋15%, When Refining ＋5, Dmg to brute race ＋5%"
    }
]