[
    {
        "imgsrc": "//www.roguard.net/content/img/icons/items/item_43503.png",
        "name": "Eden Team Shoes [2]",
        "slot": "Shoes",
        "status": "Def + 90"
    },
    {
        "imgsrc": "//www.roguard.net/content/img/icons/items/item_42001.png",
        "name": "Eden Team Training Clothes",
        "slot": "Armour",
        "status": "Def + 4"
    },
    {
        "imgsrc": "//www.roguard.net/content/img/icons/items/item_42001.png",
        "name": "Eden Team Training Clothes [1]",
        "slot": "Armour",
        "status": "Def + 4"
    },
    {
        "imgsrc": "//www.roguard.net/content/img/icons/items/item_45195.png",
        "name": "Eden Team Turban [1]",
        "slot": "Head",
        "status": "Def ＋5"
    },
    {
        "imgsrc": null,
        "name": "Egg and Bacon",
        "slot": "Head",
        "status": "Atk ＋20, Str ＋5"
    },
    {
        "imgsrc": null,
        "name": "Egg and Bacon [1]",
        "slot": "Head",
        "status": "Dex ＋3, AGI ＋3"
    },
    {
        "imgsrc": "//www.roguard.net/content/img/icons/items/item_45042.png",
        "name": "Eggshell",
        "slot": "Head",
        "status": "Def ＋10"
    },
    {
        "imgsrc": "//www.roguard.net/content/img/icons/items/item_45042.png",
        "name": "Eggshell [1]",
        "slot": "Head",
        "status": "Def ＋10"
    },
    {
        "imgsrc": null,
        "name": "Elder's Fire on Head",
        "slot": "Head",
        "status": ""
    },
    {
        "imgsrc": null,
        "name": "Elder's Hammer [1]",
        "slot": "Mace",
        "status": "STR ＋4, Increase the basic rate of equipment destruction causes by alchemy using [Acid Terror], [Acid Demonstration], [Improved Acid Demonstration], For Refining ＋1, the damage of [Acid Demonstration] ＋5%, Damage of [Acid Terror] ＋2%, skill multiplier of [Improved Acid Demonstration] ＋30%"
    },
    {
        "imgsrc": null,
        "name": "Elder's Hammer [2]",
        "slot": "Mace",
        "status": "STR ＋4, Increase the basic rate of equipment destruction causes by alchemy using [Acid Terror], [Acid Demonstration], [Improved Acid Demonstration], For Refining ＋1, the damage of [Acid Demonstration] ＋5%, Damage of [Acid Terror] ＋2%, skill multiplier of [Improved Acid Demonstration] ＋30%"
    },
    {
        "imgsrc": null,
        "name": "Electric Fist [1]",
        "slot": "Knuckle",
        "status": "Atk + 140"
    },
    {
        "imgsrc": null,
        "name": "Electric Fist [2]",
        "slot": "Knuckle",
        "status": "Atk + 140"
    },
    {
        "imgsrc": "//www.roguard.net/content/img/icons/items/item_40301.png",
        "name": "Elemental Sword [2]",
        "slot": "Sword",
        "status": "Atk + 180"
    },
    {
        "imgsrc": "//www.roguard.net/content/img/icons/items/item_40301.png",
        "name": "Elemental Sword [3]",
        "slot": "Sword",
        "status": "Atk + 180"
    },
    {
        "imgsrc": null,
        "name": "Elite Adventurer Clothing Series",
        "slot": "Armour",
        "status": ""
    },
    {
        "imgsrc": null,
        "name": "Elite Adventurer Headwear Series",
        "slot": "Head",
        "status": "All Attributes ＋1, Damage reduction of Demi-Human race ＋5%"
    },
    {
        "imgsrc": null,
        "name": "Elite Adventurer Headwear·Christmas Red",
        "slot": "Head",
        "status": "All Attributes ＋1, Damage reduction of Demi-Human race ＋5%"
    },
    {
        "imgsrc": null,
        "name": "Elite Adventurer Headwear·Demon Purple",
        "slot": "Head",
        "status": "All Attributes ＋1, Damage reduction of Demi-Human race ＋5%"
    },
    {
        "imgsrc": null,
        "name": "Elite Adventurer Headwear·Starfish Yellow",
        "slot": "Head",
        "status": "All Attributes ＋1, Damage reduction of Demi-Human race ＋5%"
    }
]