[
    {
        "imgsrc": null,
        "name": "Leo Diadem [1]",
        "slot": "Head",
        "status": "Dex ＋3"
    },
    {
        "imgsrc": null,
        "name": "Libra Crown",
        "slot": "Head",
        "status": "Equipment ASPD ＋1%"
    },
    {
        "imgsrc": null,
        "name": "Libra Crown [1]",
        "slot": "Head",
        "status": "No effect"
    },
    {
        "imgsrc": null,
        "name": "Libra Diadem",
        "slot": "Head",
        "status": "Dex ＋3, AGI ＋3"
    },
    {
        "imgsrc": null,
        "name": "Libra Diadem [1]",
        "slot": "Head",
        "status": "Agi ＋2, Luk ＋1"
    },
    {
        "imgsrc": "//www.roguard.net/content/img/icons/items/item_40610.png",
        "name": "Lich Staff [1]",
        "slot": "Staff",
        "status": "Dex ＋5, CT Variable -20%"
    },
    {
        "imgsrc": "//www.roguard.net/content/img/icons/items/item_40610.png",
        "name": "Lich Staff [2]",
        "slot": "Staff",
        "status": "Dex ＋5, CT Variable -20%"
    },
    {
        "imgsrc": "//www.roguard.net/content/img/icons/items/item_40601.png",
        "name": "Lich's Bone Wand [2]",
        "slot": "Staff",
        "status": "M.Atk + 180"
    },
    {
        "imgsrc": "//www.roguard.net/content/img/icons/items/item_40601.png",
        "name": "Lich's Bone Wand [3]",
        "slot": "Staff",
        "status": "M.Atk + 180"
    },
    {
        "imgsrc": null,
        "name": "Life Magic Book",
        "slot": "Shield",
        "status": "SP cost of all skills -12%, [Life Magic Book IV] ＋[Bunny Slipper]: Cooldown of all skills shortens by 5%"
    },
    {
        "imgsrc": null,
        "name": "Life Magic Book [1]",
        "slot": "Shield",
        "status": "SP cost of all skills -12%, [Life Magic Book IV] ＋[Bunny Slipper]: Cooldown of all skills shortens by 5%"
    },
    {
        "imgsrc": null,
        "name": "Light Cart",
        "slot": "Barrow",
        "status": ""
    },
    {
        "imgsrc": null,
        "name": "Light Epsilon [1]",
        "slot": "Axe",
        "status": "Atk + 180"
    },
    {
        "imgsrc": null,
        "name": "Light Epsilon [2]",
        "slot": "Axe",
        "status": "Atk + 180"
    },
    {
        "imgsrc": null,
        "name": "Light Saint Armor",
        "slot": "Armour",
        "status": ""
    },
    {
        "imgsrc": null,
        "name": "Light Saint Armor [1]",
        "slot": "Armour",
        "status": ""
    },
    {
        "imgsrc": null,
        "name": "Light Saint Cape",
        "slot": "Robe",
        "status": ""
    },
    {
        "imgsrc": null,
        "name": "Light Saint Cape [1]",
        "slot": "Robe",
        "status": "M.Def ＋40, When being attacked by auto attacks or skills, has a 50% chance to gain a 50% Magic Reduc., but Def will be reduced by 50%, lasting for 10 seconds"
    },
    {
        "imgsrc": null,
        "name": "Light Saint Shield",
        "slot": "Shield",
        "status": "Max HP ＋50, Def ＋5"
    },
    {
        "imgsrc": null,
        "name": "Light Saint Shield [1]",
        "slot": "Shield",
        "status": "Def + 112"
    }
]