[
    {
        "imgsrc": null,
        "name": "Chameleon Armor [1]",
        "slot": "Armour",
        "status": ""
    },
    {
        "imgsrc": null,
        "name": "Chameleon Boots",
        "slot": "Shoes",
        "status": "Move Spd ＋9%, Agi ＋6, Max HP ＋500, [Advanced Sack Teddy Shoes] ＋ [Cat's Blessing VI] ＋ [Blueeve Cape IV]: Strength ＋5, Equipment ASPD ​​ ＋5%"
    },
    {
        "imgsrc": null,
        "name": "Chameleon Boots [1]",
        "slot": "Shoes",
        "status": "Move Spd ＋9%, Agi ＋6, Max HP ＋500, [Advanced Sack Teddy Shoes] ＋ [Cat's Blessing VI] ＋ [Blueeve Cape IV]: Strength ＋5, Equipment ASPD ​​ ＋5%"
    },
    {
        "imgsrc": null,
        "name": "Chameleon Manteau",
        "slot": "Robe",
        "status": "Def + 25"
    },
    {
        "imgsrc": null,
        "name": "Chameleon Manteau [1]",
        "slot": "Robe",
        "status": "Def + 25"
    },
    {
        "imgsrc": null,
        "name": "Chameleon Ring",
        "slot": "Accessory",
        "status": ""
    },
    {
        "imgsrc": null,
        "name": "Chameleon Ring [1]",
        "slot": "Accessory",
        "status": ""
    },
    {
        "imgsrc": "//www.roguard.net/content/img/icons/items/item_45125.png",
        "name": "Charming Ribbon",
        "slot": "Head",
        "status": "Damage reduction of undead race ＋5%, Damage reduction of demon race ＋5%"
    },
    {
        "imgsrc": "//www.roguard.net/content/img/icons/items/item_45125.png",
        "name": "Charming Ribbon [1]",
        "slot": "Head",
        "status": "Damage reduction of undead race ＋5%, Damage reduction of demon race ＋5%"
    },
    {
        "imgsrc": null,
        "name": "Chef Hat",
        "slot": "Head",
        "status": ""
    },
    {
        "imgsrc": null,
        "name": "Chef Hat",
        "slot": "Head",
        "status": "Dex ＋3, AGI ＋3"
    },
    {
        "imgsrc": null,
        "name": "Chef Hat II",
        "slot": "Head",
        "status": "Dex ＋3, AGI ＋3"
    },
    {
        "imgsrc": null,
        "name": "Chef Hat III",
        "slot": "Head",
        "status": "Dex ＋3, AGI ＋3"
    },
    {
        "imgsrc": null,
        "name": "Chemical Protection Gloves",
        "slot": "Bracer",
        "status": "M.Def ＋10, Dex ＋2, Max HP ＋500, For Refining ＋8, Atk ＋3%; For Refining ＋12, Ignore Def ＋5%"
    },
    {
        "imgsrc": null,
        "name": "Chemical Protection Gloves [1]",
        "slot": "Bracer",
        "status": "M.Def ＋10, Dex ＋2, Max HP ＋500, For Refining ＋8, Atk ＋3%; For Refining ＋12, Ignore Def ＋5%"
    },
    {
        "imgsrc": null,
        "name": "Chicken Dinner Meal Box",
        "slot": "Head",
        "status": "Overall Ability ＋1, Atk ＋8, M.Atk ＋8"
    },
    {
        "imgsrc": null,
        "name": "Chinese Crown",
        "slot": "Head",
        "status": "No effect"
    },
    {
        "imgsrc": null,
        "name": "Chinese Crown [1]",
        "slot": "Head",
        "status": "No effect"
    },
    {
        "imgsrc": "//www.roguard.net/content/img/icons/items/item_41204.png",
        "name": "Chloe Bow",
        "slot": "Bow",
        "status": "Atk + 72"
    },
    {
        "imgsrc": "//www.roguard.net/content/img/icons/items/item_41204.png",
        "name": "Chloe Bow [2]",
        "slot": "Bow",
        "status": "Atk + 72"
    }
]