[
    {
        "imgsrc": null,
        "name": "Warm Christmas Tree [1]",
        "slot": "Head",
        "status": "Dex ＋3, AGI ＋3"
    },
    {
        "imgsrc": null,
        "name": "Warm Hat",
        "slot": "Head",
        "status": "Max HP ＋100"
    },
    {
        "imgsrc": null,
        "name": "Water Axe [1]",
        "slot": "Axe",
        "status": "Water, Str ＋5, Agi ＋5, Auto Attack has a 7% chance to deal multiple water damage to the target and up to 3 nearby targets, For Refining ＋1, Water Dmg ＋5%"
    },
    {
        "imgsrc": null,
        "name": "Water Axe [2]",
        "slot": "Axe",
        "status": "Water, Str ＋5, Agi ＋5, Auto Attack has a 7% chance to deal multiple water damage to the target and up to 3 nearby targets, For Refining ＋1, Water Dmg ＋5%"
    },
    {
        "imgsrc": null,
        "name": "Water Knife [1]",
        "slot": "Knife",
        "status": "Water, Str ＋5, For Refining ＋1Dmg ＋1%"
    },
    {
        "imgsrc": null,
        "name": "Water Knife [2]",
        "slot": "Knife",
        "status": "Water, Str ＋5, For Refining ＋1Dmg ＋1%"
    },
    {
        "imgsrc": "//www.roguard.net/content/img/icons/items/item_40301.png",
        "name": "Water Sword [2]",
        "slot": "Sword",
        "status": "Atk + 180"
    },
    {
        "imgsrc": "//www.roguard.net/content/img/icons/items/item_40301.png",
        "name": "Water Sword [3]",
        "slot": "Sword",
        "status": "Atk + 180"
    },
    {
        "imgsrc": null,
        "name": "Wave Witch Hat",
        "slot": "Head",
        "status": "Overall Ability ＋2, Atk ＋12, M.Atk ＋12"
    },
    {
        "imgsrc": "//www.roguard.net/content/img/icons/items/item_45059.png",
        "name": "Wedding Veil",
        "slot": "Head",
        "status": "M.Def ＋10, Max HP ＋150, Only for female equipment"
    },
    {
        "imgsrc": "//www.roguard.net/content/img/icons/items/item_45059.png",
        "name": "Wedding Veil [1]",
        "slot": "Head",
        "status": "M.Def ＋10, Max HP ＋150, Only for female equipment"
    },
    {
        "imgsrc": "//www.roguard.net/content/img/icons/items/item_61002.png",
        "name": "Weihna Gloves",
        "slot": "Bracer",
        "status": "Def + 13"
    },
    {
        "imgsrc": "//www.roguard.net/content/img/icons/items/item_61002.png",
        "name": "Weihna Gloves [1]",
        "slot": "Bracer",
        "status": "Def + 13"
    },
    {
        "imgsrc": "//www.roguard.net/content/img/icons/items/item_40703.png",
        "name": "Weihna [2]",
        "slot": "Knife",
        "status": "Atk + 360"
    },
    {
        "imgsrc": "//www.roguard.net/content/img/icons/items/item_40703.png",
        "name": "Weihna [3]",
        "slot": "Knife",
        "status": "Atk + 360"
    },
    {
        "imgsrc": null,
        "name": "Welding Mask",
        "slot": "Face",
        "status": ""
    },
    {
        "imgsrc": null,
        "name": "Wendy",
        "slot": "Wing",
        "status": "Max HP ＋300, Agi ＋3, Luk ＋3"
    },
    {
        "imgsrc": "//www.roguard.net/content/img/icons/items/item_45012.png",
        "name": "Western Grace",
        "slot": "Head",
        "status": "Def ＋15"
    },
    {
        "imgsrc": "//www.roguard.net/content/img/icons/items/item_45012.png",
        "name": "Western Grace [1]",
        "slot": "Head",
        "status": "Def ＋15"
    },
    {
        "imgsrc": null,
        "name": "Whimpering Fire Bird",
        "slot": "Tail",
        "status": "Damage to Fire Monsters ＋8%, Fire damage taken -8%"
    }
]