[
    {
        "imgsrc": "//www.roguard.net/content/img/icons/items/item_41833.png",
        "name": "Dwarf King's Axe [2]",
        "slot": "Axe",
        "status": "Atk + 288"
    },
    {
        "imgsrc": "//www.roguard.net/content/img/icons/items/item_45181.png",
        "name": "Ear Muffs",
        "slot": "Head",
        "status": "Curse Resistance ＋10%"
    },
    {
        "imgsrc": "//www.roguard.net/content/img/icons/items/item_45181.png",
        "name": "Ear Muffs [1]",
        "slot": "Head",
        "status": "Curse Resistance ＋10%"
    },
    {
        "imgsrc": null,
        "name": "Earth Axe [1]",
        "slot": "Axe",
        "status": "Earth, Str ＋5, Agi ＋5, Auto Attack has a 7% chance to deal multiple earth damage to the target and up to 3 nearby targets, For Refining ＋1, Earth Dmg ＋5%"
    },
    {
        "imgsrc": null,
        "name": "Earth Axe [2]",
        "slot": "Axe",
        "status": "Earth, Str ＋5, Agi ＋5, Auto Attack has a 7% chance to deal multiple earth damage to the target and up to 3 nearby targets, For Refining ＋1, Earth Dmg ＋5%"
    },
    {
        "imgsrc": "//www.roguard.net/content/img/icons/items/item_41201.png",
        "name": "Earth Bow [2]",
        "slot": "Bow",
        "status": "Atk + 180"
    },
    {
        "imgsrc": "//www.roguard.net/content/img/icons/items/item_41201.png",
        "name": "Earth Bow[3]",
        "slot": "Bow",
        "status": "Atk + 180"
    },
    {
        "imgsrc": null,
        "name": "Earth Knife [1]",
        "slot": "Knife",
        "status": "Earth Knife, Str ＋5, For Refining ＋1Dmg ＋1%"
    },
    {
        "imgsrc": null,
        "name": "Earth Knife [2]",
        "slot": "Knife",
        "status": "Earth Knife, Str ＋5, For Refining ＋1Dmg ＋1%"
    },
    {
        "imgsrc": null,
        "name": "Earth Witch Hat",
        "slot": "Head",
        "status": "Overall Ability ＋2, Atk ＋12, M.Atk ＋12"
    },
    {
        "imgsrc": "//www.roguard.net/content/img/icons/items/item_47019.png",
        "name": "Eden Team Bag",
        "slot": "Wing",
        "status": "Hit ＋5"
    },
    {
        "imgsrc": "//www.roguard.net/content/img/icons/items/item_43501.png",
        "name": "Eden Team Boots",
        "slot": "Shoes",
        "status": "Def + 3"
    },
    {
        "imgsrc": "//www.roguard.net/content/img/icons/items/item_43501.png",
        "name": "Eden Team Boots [1]",
        "slot": "Shoes",
        "status": "Def + 3"
    },
    {
        "imgsrc": "//www.roguard.net/content/img/icons/items/item_45076.png",
        "name": "Eden Team Hat",
        "slot": "Head",
        "status": "Def ＋5"
    },
    {
        "imgsrc": "//www.roguard.net/content/img/icons/items/item_45076.png",
        "name": "Eden Team Hat [1]",
        "slot": "Head",
        "status": "Def ＋5"
    },
    {
        "imgsrc": "//www.roguard.net/content/img/icons/items/item_40301.png",
        "name": "Eden Team Knife",
        "slot": "Sword",
        "status": "Atk + 8"
    },
    {
        "imgsrc": "//www.roguard.net/content/img/icons/items/item_40301.png",
        "name": "Eden Team Knife [2]",
        "slot": "Sword",
        "status": "Atk + 12"
    },
    {
        "imgsrc": "//www.roguard.net/content/img/icons/items/item_43001.png",
        "name": "Eden Team Manteau I",
        "slot": "Robe",
        "status": "Def + 6"
    },
    {
        "imgsrc": "//www.roguard.net/content/img/icons/items/item_43001.png",
        "name": "Eden Team Manteau [1]",
        "slot": "Robe",
        "status": "Def + 6"
    },
    {
        "imgsrc": "//www.roguard.net/content/img/icons/items/item_43503.png",
        "name": "Eden Team Shoes [1]",
        "slot": "Shoes",
        "status": "Def + 90"
    }
]