[
    {
        "imgsrc": null,
        "name": "Icicle Fist [1]",
        "slot": "Knuckle",
        "status": "Atk + 140"
    },
    {
        "imgsrc": null,
        "name": "Icicle Fist [2]",
        "slot": "Knuckle",
        "status": "Atk + 140"
    },
    {
        "imgsrc": null,
        "name": "Icy Brand",
        "slot": "Face",
        "status": "Water Dmg ＋10%, Every 15 seconds, set enemies in a 2-meter range into frozen state"
    },
    {
        "imgsrc": null,
        "name": "Ignus Steel [1]",
        "slot": "Axe",
        "status": "Atk + 180"
    },
    {
        "imgsrc": null,
        "name": "Ignus Steel [2]",
        "slot": "Axe",
        "status": "Atk + 180"
    },
    {
        "imgsrc": "//www.roguard.net/content/img/icons/items/item_40301.png",
        "name": "Immaterial Sword[2]",
        "slot": "Sword",
        "status": "Atk + 180"
    },
    {
        "imgsrc": "//www.roguard.net/content/img/icons/items/item_40301.png",
        "name": "Immaterial Sword[3]",
        "slot": "Sword",
        "status": "Atk + 180"
    },
    {
        "imgsrc": "//www.roguard.net/content/img/icons/items/item_60009.png",
        "name": "Immortal Orb",
        "slot": "Orb",
        "status": "Def + 37"
    },
    {
        "imgsrc": "//www.roguard.net/content/img/icons/items/item_60009.png",
        "name": "Immortal Orb [1]",
        "slot": "Orb",
        "status": "Def + 37"
    },
    {
        "imgsrc": null,
        "name": "Imperial Armor",
        "slot": "Armour",
        "status": "MDef ＋63,  Max HP ＋2000, After using [Devotion], restores 2% of Max HP every 5s for 60s, ＋2% Max HP for each refining level gained after reaching refining ＋10 (Up to 10%)"
    },
    {
        "imgsrc": null,
        "name": "Imperial Armor [1]",
        "slot": "Armour",
        "status": "MDef ＋63,  Max HP ＋2000, After using [Devotion], restores 2% of Max HP every 5s for 60s, ＋2% Max HP for each refining level gained after reaching refining ＋10 (Up to 10%)"
    },
    {
        "imgsrc": null,
        "name": "Imperial Gryphon",
        "slot": "Mount",
        "status": "Move Spd ＋25%"
    },
    {
        "imgsrc": "//www.roguard.net/content/img/icons/items/item_42513.png",
        "name": "Imperial Guard",
        "slot": "Shield",
        "status": "Dmg Reduc. ＋10%, CritRes ＋15"
    },
    {
        "imgsrc": "//www.roguard.net/content/img/icons/items/item_42513.png",
        "name": "Imperial Guard [1]",
        "slot": "Shield",
        "status": "Dmg Reduc. ＋10%, CritRes ＋15"
    },
    {
        "imgsrc": null,
        "name": "Imperial Spear [1]",
        "slot": "Spear",
        "status": "Str ＋5, INT ＋5, Max HP ＋2000"
    },
    {
        "imgsrc": null,
        "name": "Imperial Spear [2]",
        "slot": "Spear",
        "status": "Str ＋5, INT ＋5, Max HP ＋2000"
    },
    {
        "imgsrc": null,
        "name": "Incomplete Left Dragon Wing",
        "slot": "Wing",
        "status": "Equipment ASPD ＋8%"
    },
    {
        "imgsrc": null,
        "name": "Incomplete Right Dragon Wing",
        "slot": "Wing",
        "status": "M.Atk ＋50"
    },
    {
        "imgsrc": "//www.roguard.net/content/img/icons/items/item_45062.png",
        "name": "Incubus Horn",
        "slot": "Head",
        "status": "Def ＋10, Agi ＋1, M.Def ＋5"
    },
    {
        "imgsrc": "//www.roguard.net/content/img/icons/items/item_45062.png",
        "name": "Incubus Horn [1]",
        "slot": "Head",
        "status": "Def ＋10, Agi ＋1, M.Def ＋5"
    }
]