[
    {
        "imgsrc": null,
        "name": "Weak Puppet Card",
        "effect": "Dmg to Demi-Human ＋2%",
        "perma_buff": "Max HP ＋12",
        "card_slot": "Accecssory",
        "card_type": "Normal"
    },
    {
        "imgsrc": "//www.roguard.net/content/img/cards/card_10019.jpg",
        "name": "Whisper Card",
        "effect": "Ghost Dmg Taken ＋50%, Flee ＋20",
        "perma_buff": "Damage to ghost monster ＋2%",
        "card_slot": "Garment",
        "card_type": "Normal"
    },
    {
        "imgsrc": null,
        "name": "White Wolf Card",
        "effect": "STR ＋1, Pen. ＋2%",
        "perma_buff": "Max HP ＋60",
        "card_slot": "unknown",
        "card_type": "unknown"
    },
    {
        "imgsrc": "//www.roguard.net/content/img/cards/card_10102.jpg",
        "name": "Wild Rose Card",
        "effect": "Agi ＋2, Flee ＋5",
        "perma_buff": "Max HP ＋24",
        "card_slot": "unknown",
        "card_type": "unknown"
    },
    {
        "imgsrc": null,
        "name": "Wild Rose ★Card",
        "effect": "INT ＋2, Flee ＋5",
        "perma_buff": "Max HP ＋30",
        "card_slot": "unknown",
        "card_type": "unknown"
    },
    {
        "imgsrc": "//www.roguard.net/content/img/cards/card_10013.jpg",
        "name": "Willow Card",
        "effect": "Max SP ＋100",
        "perma_buff": "Max SP ＋10",
        "card_slot": "Headgear",
        "card_type": "Normal"
    },
    {
        "imgsrc": null,
        "name": "Willow ★Card",
        "effect": "MDef ＋10, MDef ＋5%",
        "perma_buff": "Max HP ＋60",
        "card_slot": "unknown",
        "card_type": "unknown"
    },
    {
        "imgsrc": "//www.roguard.net/content/img/cards/card_10092.jpg",
        "name": "Wind Ghost Card",
        "effect": "auto attack has a 5% chance to trigger [Jupitel Thunder] Lv.5",
        "perma_buff": "Max HP ＋21",
        "card_slot": "unknown",
        "card_type": "unknown"
    },
    {
        "imgsrc": "//www.roguard.net/content/img/cards/card_10016.jpg",
        "name": "Wolf Card",
        "effect": "Atk ＋15, Cri ＋2",
        "perma_buff": "Atk ＋6",
        "card_slot": "unknown",
        "card_type": "unknown"
    },
    {
        "imgsrc": "//www.roguard.net/content/img/cards/card_30010.jpg",
        "name": "Wood Goblin Card",
        "effect": "Max SP ＋20%",
        "perma_buff": "M.Atk ＋12",
        "card_slot": "Shield",
        "card_type": "Mini Boss"
    },
    {
        "imgsrc": null,
        "name": "Wormtail Card",
        "effect": "Dex ＋1, INT ＋4",
        "perma_buff": "Max HP ＋28",
        "card_slot": "unknown",
        "card_type": "unknown"
    },
    {
        "imgsrc": "//www.roguard.net/content/img/cards/card_10080.jpg",
        "name": "Wraith Card",
        "effect": "When undead monsters are skilled, caster has a 3% chance to restore HP equal to 9% damage",
        "perma_buff": "Max HP ＋28",
        "card_slot": "unknown",
        "card_type": "unknown"
    },
    {
        "imgsrc": null,
        "name": "Year Card",
        "effect": "All Attributes ＋1, Flee ＋5",
        "perma_buff": "Max HP ＋60",
        "card_slot": "unknown",
        "card_type": "unknown"
    },
    {
        "imgsrc": null,
        "name": "Year of the Dog Card",
        "effect": "Max HP ＋100, Luk ＋5",
        "perma_buff": "Def ＋2",
        "card_slot": "unknown",
        "card_type": "unknown"
    },
    {
        "imgsrc": "//www.roguard.net/content/img/cards/card_10011.jpg",
        "name": "Yoyo Card",
        "effect": "Agi ＋2",
        "perma_buff": "Def ＋2",
        "card_slot": "unknown",
        "card_type": "unknown"
    },
    {
        "imgsrc": null,
        "name": "Yoyo★Card",
        "effect": "Agi ＋3, Cri ＋3",
        "perma_buff": "Max HP ＋30",
        "card_slot": "unknown",
        "card_type": "unknown"
    },
    {
        "imgsrc": null,
        "name": "Zerom Card",
        "effect": "Dex ＋4, INT ＋1",
        "perma_buff": "Max HP ＋28",
        "card_slot": "unknown",
        "card_type": "unknown"
    },
    {
        "imgsrc": "//www.roguard.net/content/img/cards/card_20016.jpg",
        "name": "Zherlthsh Card",
        "effect": "Melee Atk ＋10%, , Ranged Atk ＋5%",
        "perma_buff": "Atk ＋6",
        "card_slot": "unknown",
        "card_type": "unknown"
    },
    {
        "imgsrc": null,
        "name": "Zipper Bear Card",
        "effect": "Atk ＋25",
        "perma_buff": "Max HP ＋40",
        "card_slot": "unknown",
        "card_type": "unknown"
    },
    {
        "imgsrc": null,
        "name": "Zipper Bear★Card",
        "effect": "HIT＋10, Atk ＋3%, M.Atk ＋3%",
        "perma_buff": "Max HP ＋112",
        "card_slot": "unknown",
        "card_type": "unknown"
    }
]