[
    {
        "imgsrc": "s01.cdn.roguard.net/content/img/cards/card_10050.jpg",
        "name": "Soldier Skeleton Card",
        "effect": "Critical ＋9",
        "perma_buff": "Critical ＋1",
        "card_slot": "unknown",
        "card_type": "unknown",
        "metadata": {
            "common_data": {
                "level": "0",
                "max_stack": "9999",
                "sellable": "Yes",
                "sell_price": "50,000",
                "auctionable": "Yes",
                "storageable": "Yes"
            },
            "drop_data": {
                "dropped_by": "Soldier Skeleton",
                "monster_level": "Lv 52 Monster",
                "drop_rate": "?%"
            }
        }
    },
    {
        "imgsrc": "s01.cdn.roguard.net/content/img/cards/card_10077.jpg",
        "name": "Sky Petite Card",
        "effect": "Damage from dragon monsters -15%",
        "perma_buff": "Max HP ＋24",
        "card_slot": "unknown",
        "card_type": "unknown",
        "metadata": {
            "common_data": {
                "level": "0",
                "max_stack": "9999",
                "sellable": "Yes",
                "sell_price": "2,000",
                "auctionable": "Yes",
                "storageable": "Yes"
            },
            "drop_data": {
                "dropped_by": "Sky Petite",
                "monster_level": "Lv 76 Monster",
                "drop_rate": "?%"
            }
        }
    },
    {
        "imgsrc": null,
        "name": "Sealed Apocalypse Card",
        "effect": "Ignore M.Def ＋10%, Def ＋40",
        "perma_buff": "Max HP ＋28",
        "card_slot": "unknown",
        "card_type": "unknown",
        "metadata": {
            "common_data": {
                "level": "9999",
                "max_stack": "Yes",
                "sellable": "50,000",
                "sell_price": "Yes",
                "auctionable": "Yes",
                "storageable": "unknown"
            }
        }
    },
    {
        "imgsrc": "s01.cdn.roguard.net/content/img/cards/card_10022.jpg",
        "name": "Skeleton Card",
        "effect": "auto attack has a 3% chance to stun the target for 5 seconds",
        "perma_buff": "Def ＋4",
        "card_slot": "unknown",
        "card_type": "unknown",
        "metadata": {
            "common_data": {
                "level": "0",
                "max_stack": "9999",
                "sellable": "Yes",
                "sell_price": "5,000",
                "auctionable": "Yes",
                "storageable": "Yes"
            },
            "drop_data": {
                "dropped_by": "Skeleton",
                "monster_level": "Lv 30 Monster",
                "drop_rate": "?%"
            }
        }
    },
    {
        "imgsrc": null,
        "name": "Skeleton Worker Card",
        "effect": "Damage to middle-size monsters ＋15%, Atk ＋5",
        "perma_buff": "Max HP ＋28",
        "card_slot": "unknown",
        "card_type": "unknown",
        "metadata": {
            "common_data": {
                "level": "9999",
                "max_stack": "Yes",
                "sellable": "50,000",
                "sell_price": "Yes",
                "auctionable": "Yes",
                "storageable": "unknown"
            }
        }
    },
    {
        "imgsrc": "s01.cdn.roguard.net/content/img/cards/card_10065.jpg",
        "name": "Sohee Card",
        "effect": "Max SP ＋15%, SP Regen ＋2",
        "perma_buff": "Max SP ＋20",
        "card_slot": "unknown",
        "card_type": "unknown",
        "metadata": {
            "common_data": {
                "level": "0",
                "max_stack": "9999",
                "sellable": "Yes",
                "sell_price": "5,000",
                "auctionable": "Yes",
                "storageable": "Yes"
            },
            "drop_data": {
                "dropped_by": "Sohee ★",
                "monster_level": "Lv 67 Monster",
                "drop_rate": "0.01%"
            }
        }
    },
    {
        "imgsrc": "s01.cdn.roguard.net/content/img/cards/card_20001.jpg",
        "name": "Smokie Card",
        "effect": "Can use skill - [Hiding] Lv.1",
        "perma_buff": "Def ＋4",
        "card_slot": "Accecssory",
        "card_type": "Mini Boss",
        "metadata": {
            "common_data": {
                "level": "0",
                "max_stack": "9999",
                "sellable": "Yes",
                "sell_price": "50,000",
                "auctionable": "Yes",
                "storageable": "Yes"
            },
            "drop_data": {
                "dropped_by": "Smokie",
                "monster_level": "Lv 8 Mini Boss",
                "drop_rate": "?%"
            }
        }
    },
    {
        "imgsrc": null,
        "name": "Shadow Hunt Card",
        "effect": "[Hunting Assault] SP cost -10",
        "perma_buff": "M.Atk ＋4.5",
        "card_slot": "unknown",
        "card_type": "unknown",
        "metadata": {
            "common_data": {
                "level": "9999",
                "max_stack": "Yes",
                "sellable": "50,000",
                "sell_price": "Yes",
                "auctionable": "Yes",
                "storageable": "unknown"
            }
        }
    },
    {
        "imgsrc": null,
        "name": "Seal Card",
        "effect": "Hit ＋15, Flee ＋5, , When the wearer is an Acolyte, Undead Crit to devil race ＋9",
        "perma_buff": "Max HP ＋28",
        "card_slot": "unknown",
        "card_type": "unknown",
        "metadata": {
            "common_data": {
                "level": "9999",
                "max_stack": "Yes",
                "sellable": "50,000",
                "sell_price": "Yes",
                "auctionable": "Yes",
                "storageable": "unknown"
            }
        }
    },
    {
        "imgsrc": null,
        "name": "Sealed Lady White Snake Card",
        "effect": "Effects of [Heal], [Sanctuary] ＋10%, SP Cost ＋20%",
        "perma_buff": "Max HP ＋28",
        "card_slot": "Headgear",
        "card_type": "Normal",
        "metadata": {
            "common_data": {
                "level": "9999",
                "max_stack": "Yes",
                "sellable": "50,000",
                "sell_price": "Yes",
                "auctionable": "Yes",
                "storageable": "unknown"
            }
        }
    },
    {
        "imgsrc": null,
        "name": "Scorpion Card",
        "effect": "Damage to plant monsters ＋10%",
        "perma_buff": "Max HP ＋28",
        "card_slot": "unknown",
        "card_type": "unknown",
        "metadata": {
            "common_data": {
                "level": "9999",
                "max_stack": "Yes",
                "sellable": "50,000",
                "sell_price": "Yes",
                "auctionable": "Yes",
                "storageable": "unknown"
            }
        }
    },
    {
        "imgsrc": null,
        "name": "Sealed Ifrit Card",
        "effect": "Max HP ＋2%, Neutral Dmg ＋2%",
        "perma_buff": "Max HP ＋12",
        "card_slot": "unknown",
        "card_type": "unknown",
        "metadata": {
            "common_data": {
                "level": "9999",
                "max_stack": "Yes",
                "sellable": "100",
                "sell_price": "Yes",
                "auctionable": "Yes",
                "storageable": "unknown"
            }
        }
    },
    {
        "imgsrc": null,
        "name": "Stormy Knight Card",
        "effect": "When launching auto attacks, caster has a 20% chance to freeze enemy for 5 sec., , When launching auto attacks, Caster has a 5% chance to use [Storm Gust] Lv.10",
        "perma_buff": "Max HP ＋112",
        "card_slot": "unknown",
        "card_type": "unknown",
        "metadata": {
            "common_data": {
                "level": "9999",
                "max_stack": "Yes",
                "sellable": "500,000",
                "sell_price": "Yes",
                "auctionable": "Yes",
                "storageable": "unknown"
            },
            "drop_data": {
                "dropped_by": "Stormy Knight",
                "monster_level": "Lv 115 MVP",
                "drop_rate": "?%"
            }
        }
    },
    {
        "imgsrc": null,
        "name": "Sting ★Card",
        "effect": "Def ＋10%,  MDef ＋10%",
        "perma_buff": "Atk ＋12",
        "card_slot": "unknown",
        "card_type": "unknown",
        "metadata": {
            "common_data": {
                "level": "9999",
                "max_stack": "Yes",
                "sellable": "50,000",
                "sell_price": "Yes",
                "auctionable": "Yes",
                "storageable": "unknown"
            }
        }
    },
    {
        "imgsrc": "s01.cdn.roguard.net/content/img/cards/card_30005.jpg",
        "name": "Strouf Card",
        "effect": "Damage to demon monsters ＋25%",
        "perma_buff": "Dmg to Demon ＋2%",
        "card_slot": "unknown",
        "card_type": "unknown",
        "metadata": {
            "common_data": {
                "level": "0",
                "max_stack": "9999",
                "sellable": "Yes",
                "sell_price": "50,000",
                "auctionable": "Yes",
                "storageable": "Yes"
            },
            "drop_data": {
                "dropped_by": "Strouf",
                "monster_level": "Lv 45 MVP",
                "drop_rate": "?%"
            }
        }
    },
    {
        "imgsrc": null,
        "name": "Stem Worm Card",
        "effect": "Cast Delay of [Sonic Blow]-0.3s",
        "perma_buff": "Atk ＋6",
        "card_slot": "unknown",
        "card_type": "unknown",
        "metadata": {
            "common_data": {
                "level": "9999",
                "max_stack": "Yes",
                "sellable": "50,000",
                "sell_price": "Yes",
                "auctionable": "Yes",
                "storageable": "unknown"
            },
            "drop_data": {
                "dropped_by": "Stem Worm",
                "monster_level": "Lv 107 Monster",
                "drop_rate": "?%"
            }
        }
    },
    {
        "imgsrc": "s01.cdn.roguard.net/content/img/cards/card_10087.jpg",
        "name": "Sting Card",
        "effect": "Def ＋10, M.Def ＋15",
        "perma_buff": "M.Def ＋2",
        "card_slot": "unknown",
        "card_type": "unknown",
        "metadata": {
            "common_data": {
                "level": "0",
                "max_stack": "9999",
                "sellable": "Yes",
                "sell_price": "2,000",
                "auctionable": "Yes",
                "storageable": "Yes"
            },
            "drop_data": {
                "dropped_by": "Sting",
                "monster_level": "Lv 87 Monster",
                "drop_rate": "?%"
            }
        }
    },
    {
        "imgsrc": "s01.cdn.roguard.net/content/img/cards/card_10035.jpg",
        "name": "Steam Goblin Card",
        "effect": "Crit.Dmg ＋10%, Crit to formless monsters ＋20",
        "perma_buff": "Crit.Dmg ＋5%",
        "card_slot": "unknown",
        "card_type": "unknown",
        "metadata": {
            "common_data": {
                "level": "0",
                "max_stack": "9999",
                "sellable": "Yes",
                "sell_price": "50,000",
                "auctionable": "Yes",
                "storageable": "Yes"
            },
            "drop_data": {
                "dropped_by": "Steam Goblin",
                "monster_level": "Lv 39 Monster",
                "drop_rate": "?%"
            }
        }
    },
    {
        "imgsrc": "s01.cdn.roguard.net/content/img/cards/card_10006.jpg",
        "name": "Spore Card",
        "effect": "VIT ＋2",
        "perma_buff": "M.Atk ＋4.5",
        "card_slot": "unknown",
        "card_type": "unknown",
        "metadata": {
            "common_data": {
                "level": "0",
                "max_stack": "9999",
                "sellable": "Yes",
                "sell_price": "5,000",
                "auctionable": "Yes",
                "storageable": "Yes"
            },
            "drop_data": {
                "dropped_by": "Spore",
                "monster_level": "Lv 15 Monster",
                "drop_rate": "?%"
            }
        }
    },
    {
        "imgsrc": null,
        "name": "Spashire Card",
        "effect": "Max HP ＋1000, Flee ＋15, Natural Recovery of HP ＋3",
        "perma_buff": "Max HP ＋14",
        "card_slot": "unknown",
        "card_type": "unknown",
        "metadata": {
            "common_data": {
                "level": "9999",
                "max_stack": "Yes",
                "sellable": "500,000",
                "sell_price": "Yes",
                "auctionable": "Yes",
                "storageable": "unknown"
            },
            "drop_data": {
                "dropped_by": "Spashire",
                "monster_level": "Lv 113 MVP",
                "drop_rate": "?%"
            }
        }
    }
]