[
    {
        "imgsrc": "s01.cdn.roguard.net/content/img/cards/card_30004.jpg",
        "name": "Drake Card",
        "effect": "Deal 100% damage to small-/middle-/L-size monsters",
        "perma_buff": "Dmg ＋1%",
        "card_slot": "Weapon",
        "card_type": "MVP",
        "metadata": {
            "common_data": {
                "level": "0",
                "max_stack": "9999",
                "sellable": "Yes",
                "sell_price": "500,000",
                "auctionable": "Yes",
                "storageable": "Yes"
            },
            "drop_data": {
                "dropped_by": "Drake",
                "monster_level": "Lv 40 MVP",
                "drop_rate": "?%"
            }
        }
    },
    {
        "imgsrc": "s01.cdn.roguard.net/content/img/cards/card_20002.jpg",
        "name": "Eclipse Card",
        "effect": "VIT ＋4, Flee ＋5",
        "perma_buff": "Max HP ＋84",
        "card_slot": "Garment",
        "card_type": "Mini Boss",
        "metadata": {
            "common_data": {
                "level": "0",
                "max_stack": "9999",
                "sellable": "Yes",
                "sell_price": "50,000",
                "auctionable": "Yes",
                "storageable": "Yes"
            },
            "drop_data": {
                "dropped_by": "Eclipse",
                "monster_level": "Lv 10 Mini Boss",
                "drop_rate": "?%"
            }
        }
    },
    {
        "imgsrc": "s01.cdn.roguard.net/content/img/cards/card_30011.jpg",
        "name": "Eddga Card",
        "effect": "Max HP -20%, , In unlimited [Endure] state",
        "perma_buff": "Max HP ＋5%",
        "card_slot": "Footgear",
        "card_type": "MVP",
        "metadata": {
            "common_data": {
                "level": "0",
                "max_stack": "9999",
                "sellable": "Yes",
                "sell_price": "500,000",
                "auctionable": "Yes",
                "storageable": "Yes"
            },
            "drop_data": {
                "dropped_by": "Eddga",
                "monster_level": "Lv 70 MVP",
                "drop_rate": "?%"
            }
        }
    },
    {
        "imgsrc": "s01.cdn.roguard.net/content/img/cards/card_10097.jpg",
        "name": "Drops Card",
        "effect": "Dex ＋1, Hit ＋5",
        "perma_buff": "",
        "card_slot": "unknown",
        "card_type": "unknown",
        "metadata": {
            "common_data": {
                "level": "0",
                "max_stack": "9999",
                "sellable": "Yes",
                "sell_price": "100",
                "auctionable": "No",
                "storageable": "Yes"
            }
        }
    },
    {
        "imgsrc": "s01.cdn.roguard.net/content/img/cards/card_10054.jpg",
        "name": "Elder Willow Card",
        "effect": "INT ＋3",
        "perma_buff": "M.Def ＋2",
        "card_slot": "unknown",
        "card_type": "unknown",
        "metadata": {
            "common_data": {
                "level": "0",
                "max_stack": "9999",
                "sellable": "Yes",
                "sell_price": "5,000",
                "auctionable": "Yes",
                "storageable": "Yes"
            },
            "drop_data": {
                "dropped_by": "Elder Willow",
                "monster_level": "Lv 56 Monster",
                "drop_rate": "?%"
            }
        }
    },
    {
        "imgsrc": null,
        "name": "Fiery Deviruchi Card",
        "effect": "VIT ＋3, Immune to buring status",
        "perma_buff": "M.Atk ＋8",
        "card_slot": "unknown",
        "card_type": "unknown",
        "metadata": {
            "common_data": {
                "level": "9999",
                "max_stack": "Yes",
                "sellable": "50,000",
                "sell_price": "Yes",
                "auctionable": "Yes",
                "storageable": "unknown"
            },
            "drop_data": {
                "dropped_by": "Fiery Deviruchi",
                "monster_level": "Lv 119 Monster",
                "drop_rate": "?%"
            }
        }
    },
    {
        "imgsrc": "s01.cdn.roguard.net/content/img/cards/card_10079.jpg",
        "name": "Ferus Card",
        "effect": "VIT ＋2, Max HP ＋10%",
        "perma_buff": "Max HP ＋24",
        "card_slot": "unknown",
        "card_type": "unknown",
        "metadata": {
            "common_data": {
                "level": "0",
                "max_stack": "9999",
                "sellable": "Yes",
                "sell_price": "50,000",
                "auctionable": "Yes",
                "storageable": "Yes"
            },
            "drop_data": {
                "dropped_by": "Ferus",
                "monster_level": "Lv 82 Monster",
                "drop_rate": "?%"
            }
        }
    },
    {
        "imgsrc": "s01.cdn.roguard.net/content/img/cards/card_10008.jpg",
        "name": "Female Thief Bug Card",
        "effect": "Agi ＋1, Hit ＋5",
        "perma_buff": "Atk ＋6",
        "card_slot": "unknown",
        "card_type": "unknown",
        "metadata": {
            "common_data": {
                "level": "0",
                "max_stack": "9999",
                "sellable": "Yes",
                "sell_price": "5,000",
                "auctionable": "Yes",
                "storageable": "Yes"
            },
            "drop_data": {
                "dropped_by": "Thief Bug Female",
                "monster_level": "Lv 20 Monster",
                "drop_rate": "?%"
            }
        }
    },
    {
        "imgsrc": null,
        "name": "Elder Card",
        "effect": "Damage to PVP players ＋3%",
        "perma_buff": "Damage to players in PVP mode ＋1%",
        "card_slot": "unknown",
        "card_type": "unknown",
        "metadata": {
            "common_data": {
                "level": "9999",
                "max_stack": "Yes",
                "sellable": "5,000",
                "sell_price": "Yes",
                "auctionable": "Yes",
                "storageable": "unknown"
            },
            "drop_data": {
                "dropped_by": "Elder",
                "monster_level": "Lv 104 Monster",
                "drop_rate": "?%"
            }
        }
    },
    {
        "imgsrc": "s01.cdn.roguard.net/content/img/cards/card_10003.jpg",
        "name": "Fabre Card",
        "effect": "VIT ＋1, Max HP ＋50",
        "perma_buff": "Max HP ＋24",
        "card_slot": "unknown",
        "card_type": "unknown",
        "metadata": {
            "common_data": {
                "level": "0",
                "max_stack": "9999",
                "sellable": "Yes",
                "sell_price": "2,000",
                "auctionable": "Yes",
                "storageable": "Yes"
            },
            "drop_data": {
                "dropped_by": "Fabre",
                "monster_level": "Lv 3 Monster",
                "drop_rate": "?%"
            }
        }
    },
    {
        "imgsrc": null,
        "name": "Fire Elf Card",
        "effect": "Fire Dmg Taken -15%, [Dragon Breath] damage ＋10%",
        "perma_buff": "Def ＋4.5",
        "card_slot": "unknown",
        "card_type": "unknown",
        "metadata": {
            "common_data": {
                "level": "9999",
                "max_stack": "Yes",
                "sellable": "50,000",
                "sell_price": "Yes",
                "auctionable": "Yes",
                "storageable": "unknown"
            },
            "drop_data": {
                "dropped_by": "Fire Elf",
                "monster_level": "Lv 122 Monster",
                "drop_rate": "?%"
            }
        }
    },
    {
        "imgsrc": null,
        "name": "Fiery Mane Card",
        "effect": "Move Spd ＋3%, Agi ＋2",
        "perma_buff": "M.Atk ＋4.5",
        "card_slot": "unknown",
        "card_type": "unknown",
        "metadata": {
            "common_data": {
                "level": "9999",
                "max_stack": "Yes",
                "sellable": "5,000",
                "sell_price": "Yes",
                "auctionable": "Yes",
                "storageable": "unknown"
            },
            "drop_data": {
                "dropped_by": "Fiery Mane",
                "monster_level": "Lv 120 Monster",
                "drop_rate": "?%"
            }
        }
    },
    {
        "imgsrc": null,
        "name": "Familiar★Card",
        "effect": "M.Atk＋3%, M.Atk ＋20",
        "perma_buff": "MDef ＋6",
        "card_slot": "unknown",
        "card_type": "unknown",
        "metadata": {
            "common_data": {
                "level": "9999",
                "max_stack": "Yes",
                "sellable": "50,000",
                "sell_price": "Yes",
                "auctionable": "Yes",
                "storageable": "unknown"
            }
        }
    },
    {
        "imgsrc": null,
        "name": "Dustiness Card",
        "effect": "Wind Dmg Taken -15%, Flee ＋5",
        "perma_buff": "Max HP ＋28",
        "card_slot": "Garment",
        "card_type": "Normal",
        "metadata": {
            "common_data": {
                "level": "9999",
                "max_stack": "Yes",
                "sellable": "50,000",
                "sell_price": "Yes",
                "auctionable": "Yes",
                "storageable": "unknown"
            },
            "drop_data": {
                "dropped_by": "Dustiness",
                "monster_level": "Lv 62 Monster",
                "drop_rate": "?%"
            }
        }
    },
    {
        "imgsrc": "s01.cdn.roguard.net/content/img/cards/card_10059.jpg",
        "name": "Eggyra Card",
        "effect": "INT ＋2, SP Regen ＋5",
        "perma_buff": "Max HP ＋28",
        "card_slot": "unknown",
        "card_type": "unknown",
        "metadata": {
            "common_data": {
                "level": "0",
                "max_stack": "9999",
                "sellable": "Yes",
                "sell_price": "50,000",
                "auctionable": "Yes",
                "storageable": "Yes"
            },
            "drop_data": {
                "dropped_by": "Eggyra",
                "monster_level": "Lv 61 Monster",
                "drop_rate": "?%"
            }
        }
    },
    {
        "imgsrc": null,
        "name": "Elder Willow ★Card",
        "effect": "INT ＋4, M.Atk ＋10",
        "perma_buff": "M.Def ＋4",
        "card_slot": "unknown",
        "card_type": "unknown",
        "metadata": {
            "common_data": {
                "level": "9999",
                "max_stack": "Yes",
                "sellable": "50,000",
                "sell_price": "Yes",
                "auctionable": "Yes",
                "storageable": "unknown"
            }
        }
    },
    {
        "imgsrc": null,
        "name": "Evil Druid Card",
        "effect": "Turn the armor's element into Undead, INT ＋4",
        "perma_buff": "Def ＋4",
        "card_slot": "unknown",
        "card_type": "unknown",
        "metadata": {
            "common_data": {
                "level": "9999",
                "max_stack": "Yes",
                "sellable": "50,000",
                "sell_price": "Yes",
                "auctionable": "Yes",
                "storageable": "unknown"
            },
            "drop_data": {
                "dropped_by": "Evil Druid",
                "monster_level": "Lv 88 Monster",
                "drop_rate": "?%"
            }
        }
    },
    {
        "imgsrc": null,
        "name": "Enchant Deadly Poison Card",
        "effect": "[Poisonous Weapon]’s [New Poison] cost -1",
        "perma_buff": "MDef ＋4.5",
        "card_slot": "unknown",
        "card_type": "unknown",
        "metadata": {
            "common_data": {
                "level": "9999",
                "max_stack": "Yes",
                "sellable": "50,000",
                "sell_price": "Yes",
                "auctionable": "Yes",
                "storageable": "unknown"
            }
        }
    },
    {
        "imgsrc": "s01.cdn.roguard.net/content/img/cards/card_10007.jpg",
        "name": "Familiar Card",
        "effect": "INT ＋1, M.Atk ＋5",
        "perma_buff": "Atk ＋3",
        "card_slot": "unknown",
        "card_type": "unknown",
        "metadata": {
            "common_data": {
                "level": "0",
                "max_stack": "9999",
                "sellable": "Yes",
                "sell_price": "2,000",
                "auctionable": "Yes",
                "storageable": "Yes"
            },
            "drop_data": {
                "dropped_by": "Familiar",
                "monster_level": "Lv 17 Monster",
                "drop_rate": "?%"
            }
        }
    },
    {
        "imgsrc": "s01.cdn.roguard.net/content/img/cards/card_10043.jpg",
        "name": "Drainliar Card",
        "effect": "Dmg to Water monsters ＋20%",
        "perma_buff": "M.Atk ＋6",
        "card_slot": "unknown",
        "card_type": "unknown",
        "metadata": {
            "common_data": {
                "level": "0",
                "max_stack": "9999",
                "sellable": "Yes",
                "sell_price": "5,000",
                "auctionable": "Yes",
                "storageable": "Yes"
            },
            "drop_data": {
                "dropped_by": "Drainliar",
                "monster_level": "Lv 46 Monster",
                "drop_rate": "?%"
            }
        }
    }
]