[
    {
        "imgsrc": null,
        "name": "Pasana Card",
        "effect": "Turn the armor's element into Fire",
        "perma_buff": "Max HP ＋28",
        "card_slot": "unknown",
        "card_type": "unknown",
        "metadata": {
            "common_data": {
                "level": "9999",
                "max_stack": "Yes",
                "sellable": "50,000",
                "sell_price": "Yes",
                "auctionable": "Yes",
                "storageable": "unknown"
            }
        }
    },
    {
        "imgsrc": "s01.cdn.roguard.net/content/img/cards/card_30018.jpg",
        "name": "Owl Duke Card",
        "effect": "auto attack has a 5% chance to trigger [Impositio Manus] Lv.10",
        "perma_buff": "Refine Atk ＋10",
        "card_slot": "unknown",
        "card_type": "unknown",
        "metadata": {
            "common_data": {
                "level": "0",
                "max_stack": "9999",
                "sellable": "Yes",
                "sell_price": "50,000",
                "auctionable": "Yes",
                "storageable": "Yes"
            },
            "drop_data": {
                "dropped_by": "Owl Duke",
                "monster_level": "Lv 90 Mini Boss",
                "drop_rate": "?%"
            }
        }
    },
    {
        "imgsrc": null,
        "name": "Orc Lady Card",
        "effect": "Damage to insect race ＋5%",
        "perma_buff": "Atk ＋4.5",
        "card_slot": "unknown",
        "card_type": "unknown",
        "metadata": {
            "common_data": {
                "level": "9999",
                "max_stack": "Yes",
                "sellable": "5,000",
                "sell_price": "Yes",
                "auctionable": "Yes",
                "storageable": "unknown"
            },
            "drop_data": {
                "dropped_by": "Orc Lady",
                "monster_level": "Lv 109 Monster",
                "drop_rate": "?%"
            }
        }
    },
    {
        "imgsrc": "s01.cdn.roguard.net/content/img/cards/card_20013.jpg",
        "name": "Owl Baron Card",
        "effect": "auto attack has a 5% chance to trigger [Lex Aeterna] Lv.1",
        "perma_buff": "INT ＋2",
        "card_slot": "unknown",
        "card_type": "unknown",
        "metadata": {
            "common_data": {
                "level": "0",
                "max_stack": "9999",
                "sellable": "Yes",
                "sell_price": "50,000",
                "auctionable": "Yes",
                "storageable": "Yes"
            },
            "drop_data": {
                "dropped_by": "Owl Baron",
                "monster_level": "Lv 93 MVP",
                "drop_rate": "?%"
            }
        }
    },
    {
        "imgsrc": "s01.cdn.roguard.net/content/img/cards/card_10047.jpg",
        "name": "Peco Peco Card",
        "effect": "Max HP ＋10%",
        "perma_buff": "Max HP ＋28",
        "card_slot": "unknown",
        "card_type": "unknown",
        "metadata": {
            "common_data": {
                "level": "0",
                "max_stack": "9999",
                "sellable": "Yes",
                "sell_price": "50,000",
                "auctionable": "Yes",
                "storageable": "Yes"
            },
            "drop_data": {
                "dropped_by": "Peco Peco",
                "monster_level": "Lv 50 Monster",
                "drop_rate": "?%"
            }
        }
    },
    {
        "imgsrc": "s01.cdn.roguard.net/content/img/cards/card_40011.jpg",
        "name": "Picky Card",
        "effect": "Str ＋1, Atk ＋10",
        "perma_buff": "Max HP ＋24",
        "card_slot": "unknown",
        "card_type": "unknown",
        "metadata": {
            "common_data": {
                "level": "0",
                "max_stack": "9999",
                "sellable": "Yes",
                "sell_price": "2,000",
                "auctionable": "Yes",
                "storageable": "Yes"
            },
            "drop_data": {
                "dropped_by": "Picky",
                "monster_level": "Lv 9 Monster",
                "drop_rate": "?%"
            }
        }
    },
    {
        "imgsrc": "s01.cdn.roguard.net/content/img/cards/card_30014.jpg",
        "name": "Orc Hero Card",
        "effect": "VIT ＋5, , Avoid stun effect",
        "perma_buff": "Max HP ＋112",
        "card_slot": "unknown",
        "card_type": "unknown",
        "metadata": {
            "common_data": {
                "level": "0",
                "max_stack": "9999",
                "sellable": "Yes",
                "sell_price": "500,000",
                "auctionable": "Yes",
                "storageable": "Yes"
            },
            "drop_data": {
                "dropped_by": "Orc Hero",
                "monster_level": "Lv 80 MVP",
                "drop_rate": "?%"
            }
        }
    },
    {
        "imgsrc": "s01.cdn.roguard.net/content/img/cards/card_30009.jpg",
        "name": "Phreeoni Card",
        "effect": "Hit ＋100",
        "perma_buff": "Hit ＋10",
        "card_slot": "unknown",
        "card_type": "unknown",
        "metadata": {
            "common_data": {
                "level": "0",
                "max_stack": "9999",
                "sellable": "Yes",
                "sell_price": "500,000",
                "auctionable": "Yes",
                "storageable": "Yes"
            },
            "drop_data": {
                "dropped_by": "Phreeoni",
                "monster_level": "Lv 65 MVP",
                "drop_rate": "?%"
            }
        }
    },
    {
        "imgsrc": null,
        "name": "Penomena Card",
        "effect": "Damage reduction of formless race ＋10%",
        "perma_buff": "Max HP ＋28",
        "card_slot": "Shield",
        "card_type": "Normal",
        "metadata": {
            "common_data": {
                "level": "9999",
                "max_stack": "Yes",
                "sellable": "50,000",
                "sell_price": "Yes",
                "auctionable": "Yes",
                "storageable": "unknown"
            },
            "drop_data": {
                "dropped_by": "Penomena",
                "monster_level": "Lv 105 Monster",
                "drop_rate": "?%"
            }
        }
    },
    {
        "imgsrc": "s01.cdn.roguard.net/content/img/cards/card_10075.jpg",
        "name": "Orc Skeleton Card",
        "effect": "Damage to holy monsters ＋20%",
        "perma_buff": "Max HP ＋24",
        "card_slot": "unknown",
        "card_type": "unknown",
        "metadata": {
            "common_data": {
                "level": "0",
                "max_stack": "9999",
                "sellable": "Yes",
                "sell_price": "5,000",
                "auctionable": "Yes",
                "storageable": "Yes"
            },
            "drop_data": {
                "dropped_by": "Orc Skeleton",
                "monster_level": "Lv 78 Monster",
                "drop_rate": "?%"
            }
        }
    },
    {
        "imgsrc": "s01.cdn.roguard.net/content/img/cards/card_20010.jpg",
        "name": "Orc Baby Card",
        "effect": "Neutral Dmg Taken -30%, Flee ＋10",
        "perma_buff": "Max HP ＋84",
        "card_slot": "unknown",
        "card_type": "unknown",
        "metadata": {
            "common_data": {
                "level": "0",
                "max_stack": "9999",
                "sellable": "Yes",
                "sell_price": "50,000",
                "auctionable": "Yes",
                "storageable": "Yes"
            },
            "drop_data": {
                "dropped_by": "Orc Baby",
                "monster_level": "Lv 78 Mini Boss",
                "drop_rate": "?%"
            }
        }
    },
    {
        "imgsrc": "s01.cdn.roguard.net/content/img/cards/card_30016.jpg",
        "name": "Orc Lord Helm Card",
        "effect": "When suffering Atk from close enemy, Caster has a 5% chance to reflect 100% Dmg",
        "perma_buff": "Max HP ＋112",
        "card_slot": "unknown",
        "card_type": "unknown",
        "metadata": {
            "common_data": {
                "level": "0",
                "max_stack": "9999",
                "sellable": "Yes",
                "sell_price": "500,000",
                "auctionable": "Yes",
                "storageable": "Yes"
            },
            "drop_data": {
                "dropped_by": "Orc Lord",
                "monster_level": "Lv 86 MVP",
                "drop_rate": "?%"
            }
        }
    },
    {
        "imgsrc": "s01.cdn.roguard.net/content/img/cards/card_10027.jpg",
        "name": "Phen Card",
        "effect": "Chant disrupts durability ＋20%",
        "perma_buff": "M.Def ＋4",
        "card_slot": "unknown",
        "card_type": "unknown",
        "metadata": {
            "common_data": {
                "level": "0",
                "max_stack": "9999",
                "sellable": "Yes",
                "sell_price": "50,000",
                "auctionable": "Yes",
                "storageable": "Yes"
            },
            "drop_data": {
                "dropped_by": "Phen",
                "monster_level": "Lv 34 Monster",
                "drop_rate": "?%"
            }
        }
    },
    {
        "imgsrc": "s01.cdn.roguard.net/content/img/cards/card_10074.jpg",
        "name": "Orc Zombie Card",
        "effect": "Undead Dmg Taken -20%",
        "perma_buff": "Max HP ＋24",
        "card_slot": "unknown",
        "card_type": "unknown",
        "metadata": {
            "common_data": {
                "level": "0",
                "max_stack": "9999",
                "sellable": "Yes",
                "sell_price": "5,000",
                "auctionable": "Yes",
                "storageable": "Yes"
            },
            "drop_data": {
                "dropped_by": "Orc Zombie",
                "monster_level": "Lv 75 Monster",
                "drop_rate": "?%"
            }
        }
    },
    {
        "imgsrc": "s01.cdn.roguard.net/content/img/cards/card_10021.jpg",
        "name": "Poison Spore Card",
        "effect": "Can use Skill - [Venom Knife] Lv.1",
        "perma_buff": "Atk ＋3",
        "card_slot": "unknown",
        "card_type": "unknown",
        "metadata": {
            "common_data": {
                "level": "0",
                "max_stack": "9999",
                "sellable": "Yes",
                "sell_price": "2,000",
                "auctionable": "Yes",
                "storageable": "Yes"
            },
            "drop_data": {
                "dropped_by": "Poison Spore",
                "monster_level": "Lv 28 Monster",
                "drop_rate": "?%"
            }
        }
    },
    {
        "imgsrc": "s01.cdn.roguard.net/content/img/cards/card_10020.jpg",
        "name": "Pirate Skeleton Card",
        "effect": "Can use Skill - [Bash] Lv.6",
        "perma_buff": "Atk ＋4",
        "card_slot": "unknown",
        "card_type": "unknown",
        "metadata": {
            "common_data": {
                "level": "0",
                "max_stack": "9999",
                "sellable": "Yes",
                "sell_price": "50,000",
                "auctionable": "Yes",
                "storageable": "Yes"
            },
            "drop_data": {
                "dropped_by": "Pirate Skeleton",
                "monster_level": "Lv 27 Monster",
                "drop_rate": "?%"
            }
        }
    },
    {
        "imgsrc": null,
        "name": "Pale Lord Card",
        "effect": "Auto Attack damage ＋10%, , With [Pale Lord Card] and [Bloody Knight Card] equipped: Auto Attack damage ＋5%, ＋3% chance to cast [Meteor Storm] when using Auto Attack",
        "perma_buff": "Skill Damage Reduction 1%",
        "card_slot": "unknown",
        "card_type": "unknown",
        "metadata": {
            "common_data": {
                "level": "9999",
                "max_stack": "Yes",
                "sellable": "50,000",
                "sell_price": "Yes",
                "auctionable": "Yes",
                "storageable": "unknown"
            }
        }
    },
    {
        "imgsrc": "s01.cdn.roguard.net/content/img/cards/card_40010.jpg",
        "name": "Peco Peco Egg Card",
        "effect": "Damage to formless race ＋15%",
        "perma_buff": "Max HP ＋24",
        "card_slot": "unknown",
        "card_type": "unknown",
        "metadata": {
            "common_data": {
                "level": "0",
                "max_stack": "9999",
                "sellable": "Yes",
                "sell_price": "2,000",
                "auctionable": "Yes",
                "storageable": "Yes"
            },
            "drop_data": {
                "dropped_by": "Peco Peco Egg",
                "monster_level": "Lv 6 Monster",
                "drop_rate": "0.05%"
            }
        }
    },
    {
        "imgsrc": "s01.cdn.roguard.net/content/img/cards/card_10068.jpg",
        "name": "Orc Warrior Card",
        "effect": "Damage reduction of brute race ＋20%",
        "perma_buff": "Flee ＋10",
        "card_slot": "unknown",
        "card_type": "unknown",
        "metadata": {
            "common_data": {
                "level": "0",
                "max_stack": "9999",
                "sellable": "Yes",
                "sell_price": "2,000",
                "auctionable": "Yes",
                "storageable": "Yes"
            },
            "drop_data": {
                "dropped_by": "Orc Warrior",
                "monster_level": "Lv 70 Monster",
                "drop_rate": "?%"
            }
        }
    },
    {
        "imgsrc": "s01.cdn.roguard.net/content/img/cards/card_30012.jpg",
        "name": "Osiris Card",
        "effect": "When character revives, HP and SP will be fully restored",
        "perma_buff": "Max HP ＋112",
        "card_slot": "Accecssory",
        "card_type": "MVP",
        "metadata": {
            "common_data": {
                "level": "0",
                "max_stack": "9999",
                "sellable": "Yes",
                "sell_price": "500,000",
                "auctionable": "Yes",
                "storageable": "Yes"
            },
            "drop_data": {
                "dropped_by": "Osiris",
                "monster_level": "Lv 73 MVP",
                "drop_rate": "?%"
            }
        }
    }
]