[
    {
        "imgsrc": null,
        "name": "Clock Tower Manager Card",
        "effect": "INT ＋2, M.Dmg ＋2%, Max HP ＋400",
        "perma_buff": "Max HP ＋14",
        "card_slot": "unknown",
        "card_type": "unknown"
    },
    {
        "imgsrc": null,
        "name": "Cookie Card",
        "effect": "Luk ＋2, [Judex] damage ＋5%",
        "perma_buff": "Def ＋2",
        "card_slot": "unknown",
        "card_type": "unknown"
    },
    {
        "imgsrc": null,
        "name": "Cornus Card",
        "effect": "Holy Dmg Taken -15%, Damage to Holy Monsters ＋5%",
        "perma_buff": "Max HP ＋28",
        "card_slot": "unknown",
        "card_type": "unknown"
    },
    {
        "imgsrc": "//www.roguard.net/content/img/cards/card_10085.jpg",
        "name": "Cramp Card",
        "effect": "Luk ＋3, Flee ＋5",
        "perma_buff": "Flee ＋4",
        "card_slot": "unknown",
        "card_type": "unknown"
    },
    {
        "imgsrc": "//www.roguard.net/content/img/cards/card_10014.jpg",
        "name": "Creamy Card",
        "effect": "Can use Skill - [Teleportation] Lv.1",
        "perma_buff": "M.Def ＋4",
        "card_slot": "unknown",
        "card_type": "unknown"
    },
    {
        "imgsrc": null,
        "name": "Cruiser Card",
        "effect": "Crit.Dmg ＋7%, Crit to Brute monsters ＋10",
        "perma_buff": "Atk ＋4.5",
        "card_slot": "unknown",
        "card_type": "unknown"
    },
    {
        "imgsrc": null,
        "name": "Dark Illusion Card",
        "effect": "Max HP -10%, Max SP -10%, CT Fixed -0.25s",
        "perma_buff": "CT Variable－1%",
        "card_slot": "Headgear",
        "card_type": "Mini Boss"
    },
    {
        "imgsrc": null,
        "name": "Dark Lord Card",
        "effect": "When suffering attack from physical skills, Caster has a chance to trigger Meteor Storm Lv.10",
        "perma_buff": "Fire Dmg ＋8%",
        "card_slot": "unknown",
        "card_type": "unknown"
    },
    {
        "imgsrc": null,
        "name": "Dark Priest Card",
        "effect": "auto attack has a chance to decrease the target's SP value",
        "perma_buff": "Equipment ASPD ＋1%",
        "card_slot": "unknown",
        "card_type": "unknown"
    },
    {
        "imgsrc": null,
        "name": "Dark Shadow Card",
        "effect": "Dark Dmg Taken -15%, Damage to Dark Monsters ＋5%",
        "perma_buff": "Max HP ＋28",
        "card_slot": "unknown",
        "card_type": "unknown"
    },
    {
        "imgsrc": "//www.roguard.net/content/img/cards/card_10049.jpg",
        "name": "Desert Wolf Card",
        "effect": "Damage to S-size monsters ＋25%, Atk ＋15",
        "perma_buff": "Atk ＋8",
        "card_slot": "unknown",
        "card_type": "unknown"
    },
    {
        "imgsrc": "//www.roguard.net/content/img/cards/card_30017.jpg",
        "name": "Detarderous Card",
        "effect": "Avoid freezing effect, , When suffering M.Atk, There is a 5% chance to trigger [Heaven's Drive] Lv.3",
        "perma_buff": "Max HP ＋112",
        "card_slot": "unknown",
        "card_type": "unknown"
    },
    {
        "imgsrc": "//www.roguard.net/content/img/cards/card_30003.jpg",
        "name": "Deviling Card",
        "effect": "Neutral Dmg Taken -50%,  Other Dmg Taken from Other Attributes ＋50%",
        "perma_buff": "Damage Taken Reduction ＋2%",
        "card_slot": "Garment",
        "card_type": "MVP"
    },
    {
        "imgsrc": "//www.roguard.net/content/img/cards/card_10073.jpg",
        "name": "Deviruchi Card",
        "effect": "Str ＋3, , Avoid darkness effect",
        "perma_buff": "Max HP ＋24",
        "card_slot": "unknown",
        "card_type": "unknown"
    },
    {
        "imgsrc": "//www.roguard.net/content/img/cards/card_10066.jpg",
        "name": "Dokebi Card",
        "effect": "Turn the armor's element into Wind",
        "perma_buff": "Def ＋4",
        "card_slot": "unknown",
        "card_type": "unknown"
    },
    {
        "imgsrc": "//www.roguard.net/content/img/cards/card_30015.jpg",
        "name": "Doppelganger Card",
        "effect": "Equipment ASPD ＋15%",
        "perma_buff": "Max HP ＋112",
        "card_slot": "unknown",
        "card_type": "unknown"
    },
    {
        "imgsrc": null,
        "name": "Draco Card",
        "effect": "Earth Dmg Taken -15%, Damage to Earth Monsters ＋5%",
        "perma_buff": "Max HP ＋28",
        "card_slot": "unknown",
        "card_type": "unknown"
    },
    {
        "imgsrc": "//www.roguard.net/content/img/cards/card_60001.jpg",
        "name": "Dracula Card",
        "effect": "Any attack has a 10% chance to proportionally convert the damage caused by enemy into your own SP value.",
        "perma_buff": "Max HP ＋28",
        "card_slot": "unknown",
        "card_type": "unknown"
    },
    {
        "imgsrc": "//www.roguard.net/content/img/cards/card_40016.jpg",
        "name": "Dragon Egg Card",
        "effect": "Damage to dragon monsters ＋20%",
        "perma_buff": "Max HP ＋24",
        "card_slot": "unknown",
        "card_type": "unknown"
    },
    {
        "imgsrc": "//www.roguard.net/content/img/cards/card_20007.jpg",
        "name": "Dragon Fly Card",
        "effect": "Agi ＋4, Flee ＋5",
        "perma_buff": "Atk ＋8",
        "card_slot": "unknown",
        "card_type": "unknown"
    }
]