[
    {
        "imgsrc": "//www.roguard.net/content/img/cards/card_30021.jpg",
        "name": "Baphomet Card",
        "effect": "Hit ＋10, Damage to all monsters ＋10%, , Melee auto attack deals spray damage to the target and surrounding targets in a small range",
        "perma_buff": "Hit ＋10",
        "card_slot": "unknown",
        "card_type": "unknown"
    },
    {
        "imgsrc": "//www.roguard.net/content/img/cards/card_10094.jpg",
        "name": "Baphomet Jr. Card",
        "effect": "Agi ＋2, Cri ＋5",
        "perma_buff": "Critical ＋1",
        "card_slot": "unknown",
        "card_type": "unknown"
    },
    {
        "imgsrc": null,
        "name": "Bathory Card",
        "effect": "Turn the armor's element into Dark",
        "perma_buff": "Max HP ＋28",
        "card_slot": "unknown",
        "card_type": "unknown"
    },
    {
        "imgsrc": null,
        "name": "Big Cat Commander Card",
        "effect": "",
        "perma_buff": "",
        "card_slot": "Headgear",
        "card_type": "MVP"
    },
    {
        "imgsrc": null,
        "name": "Big Cat Squad Card",
        "effect": "",
        "perma_buff": "",
        "card_slot": "Footgear",
        "card_type": "Normal"
    },
    {
        "imgsrc": "//www.roguard.net/content/img/cards/card_10055.jpg",
        "name": "Bigfoot Card",
        "effect": "Damage from insect monsters -15%",
        "perma_buff": "Dmg to Insects ＋2%",
        "card_slot": "unknown",
        "card_type": "unknown"
    },
    {
        "imgsrc": null,
        "name": "Black Witch Card",
        "effect": "INT ＋1, M.Atk ＋10",
        "perma_buff": "M.Atk ＋1.5",
        "card_slot": "unknown",
        "card_type": "unknown"
    },
    {
        "imgsrc": null,
        "name": "Black Witch ★Card",
        "effect": "M.Atk ＋20, VIT ＋2, INT ＋2",
        "perma_buff": "Atk ＋8",
        "card_slot": "unknown",
        "card_type": "unknown"
    },
    {
        "imgsrc": "//www.roguard.net/content/img/cards/card_30020.jpg",
        "name": "Bloody Knight Card",
        "effect": "auto attack has a 5% chance to trigger [Meteor Storm] Lv.10, , With [Pale Lord Card] and [Bloody Knight Card] equipped: Auto Attack damage ＋5%, ＋3% chance to cast [Meteor Storm] when using Auto Attack",
        "perma_buff": "Max HP ＋21",
        "card_slot": "unknown",
        "card_type": "unknown"
    },
    {
        "imgsrc": null,
        "name": "Blue Wolf Card",
        "effect": "STR ＋2， Physical damage ＋2%, Max HP ＋400",
        "perma_buff": "M.Atk ＋4.5",
        "card_slot": "unknown",
        "card_type": "unknown"
    },
    {
        "imgsrc": "//www.roguard.net/content/img/cards/card_10061.jpg",
        "name": "Bongun Card",
        "effect": "auto attack has a 3% chance to trigger [Bash] Lv.5",
        "perma_buff": "M.Def ＋2",
        "card_slot": "unknown",
        "card_type": "unknown"
    },
    {
        "imgsrc": null,
        "name": "Brilight Card",
        "effect": "Str ＋3, VIT ＋1, Max HP ＋100",
        "perma_buff": "Max HP ＋12",
        "card_slot": "unknown",
        "card_type": "unknown"
    },
    {
        "imgsrc": null,
        "name": "Caramel Card",
        "effect": "Damage to insect monsters ＋10%",
        "perma_buff": "Max HP ＋28",
        "card_slot": "unknown",
        "card_type": "unknown"
    },
    {
        "imgsrc": null,
        "name": "Carat Card",
        "effect": "INT ＋2, Max SP ＋80",
        "perma_buff": "M.Atk ＋4.5",
        "card_slot": "unknown",
        "card_type": "unknown"
    },
    {
        "imgsrc": null,
        "name": "Centipede Card",
        "effect": "Poison Dmg Taken -15%, Damage to Poison Monsters ＋5%",
        "perma_buff": "Max HP ＋28",
        "card_slot": "unknown",
        "card_type": "unknown"
    },
    {
        "imgsrc": null,
        "name": "Chepet Card",
        "effect": "Atk ＋15, , When launching auto attacks, Caster has a 5% chance to use [Acid Demonstration] Lv.5",
        "perma_buff": "Max HP ＋64",
        "card_slot": "unknown",
        "card_type": "unknown"
    },
    {
        "imgsrc": "//www.roguard.net/content/img/cards/card_30019.jpg",
        "name": "Chimera Card",
        "effect": "With 3% chance to poison target when caster suffers Dmg. When it is equipped by Assassin/Assassin Cross, There is a 12% chance to poison the target.",
        "perma_buff": "Max HP ＋112",
        "card_slot": "unknown",
        "card_type": "unknown"
    },
    {
        "imgsrc": "//www.roguard.net/content/img/cards/card_10010.jpg",
        "name": "Chon Chon Card",
        "effect": "Str ＋2",
        "perma_buff": "Def ＋2",
        "card_slot": "unknown",
        "card_type": "unknown"
    },
    {
        "imgsrc": null,
        "name": "Christmas Eve Card",
        "effect": "Luk ＋5, , When launching auto attacks, There is a 3% Chance to automatically release [Gloria] Lv.5",
        "perma_buff": "Max SP ＋30",
        "card_slot": "unknown",
        "card_type": "unknown"
    },
    {
        "imgsrc": null,
        "name": "Clock Card",
        "effect": "Damage to formless race ＋10%, Damage to demon race ＋10%",
        "perma_buff": "Max HP ＋14",
        "card_slot": "unknown",
        "card_type": "unknown"
    }
]