[
    {
        "imgsrc": "//www.roguard.net/content/img/cards/card_10095.jpg",
        "name": "Joker Card",
        "effect": "Can use skill - [Stone Curse] Lv.5",
        "perma_buff": "M.Atk ＋1.5",
        "card_slot": "unknown",
        "card_type": "unknown"
    },
    {
        "imgsrc": null,
        "name": "Kaho Card",
        "effect": "Damage to earth monsters ＋15%",
        "perma_buff": "Max HP ＋28",
        "card_slot": "unknown",
        "card_type": "unknown"
    },
    {
        "imgsrc": "//www.roguard.net/content/img/cards/card_10091.jpg",
        "name": "Khalitzburg Card",
        "effect": "Damage reduction of demon race ＋10%",
        "perma_buff": "Damage reduction of demon race ＋1%",
        "card_slot": "unknown",
        "card_type": "unknown"
    },
    {
        "imgsrc": null,
        "name": "King Poring's Gift",
        "effect": "M.Def ＋1",
        "perma_buff": "",
        "card_slot": "Headgear",
        "card_type": "Normal"
    },
    {
        "imgsrc": "//www.roguard.net/content/img/cards/card_10106.jpg",
        "name": "Kobold Archer Card",
        "effect": "Crit.Dmg ＋10%, Crit to plant monsters ＋20",
        "perma_buff": "Max HP ＋24",
        "card_slot": "unknown",
        "card_type": "unknown"
    },
    {
        "imgsrc": "//www.roguard.net/content/img/cards/card_10103.jpg",
        "name": "Kobold Card",
        "effect": "Str ＋4, Cri ＋10",
        "perma_buff": "Max HP ＋24",
        "card_slot": "unknown",
        "card_type": "unknown"
    },
    {
        "imgsrc": "//www.roguard.net/content/img/cards/card_30024.jpg",
        "name": "Kobold Leader Card",
        "effect": "Melee skill that deals Dmg and locks the targets will bring HP Regen equal to 5% damage",
        "perma_buff": "Max HP ＋112",
        "card_slot": "unknown",
        "card_type": "unknown"
    },
    {
        "imgsrc": null,
        "name": "Kraken Card",
        "effect": "",
        "perma_buff": "",
        "card_slot": "Armor",
        "card_type": "MVP"
    },
    {
        "imgsrc": null,
        "name": "Kukre Card",
        "effect": "Agi ＋3, Luk ＋2",
        "perma_buff": "Max HP ＋28",
        "card_slot": "unknown",
        "card_type": "unknown"
    },
    {
        "imgsrc": null,
        "name": "Leader’s Demeanor Card",
        "effect": "[Lord's Aura] increases Atk of the whole Party by ＋8%",
        "perma_buff": "Max HP ＋112",
        "card_slot": "unknown",
        "card_type": "unknown"
    },
    {
        "imgsrc": null,
        "name": "Light Fairy Card",
        "effect": "Blue Gemstone cost by [Magnus Exorcismus] -1",
        "perma_buff": "M.Atk ＋6",
        "card_slot": "unknown",
        "card_type": "unknown"
    },
    {
        "imgsrc": null,
        "name": "Luciola Vespa Card",
        "effect": "Wind Dmg Taken -15%, Damage to Wind Monsters ＋5%",
        "perma_buff": "Max HP ＋28",
        "card_slot": "unknown",
        "card_type": "unknown"
    },
    {
        "imgsrc": "//www.roguard.net/content/img/cards/card_10002.jpg",
        "name": "Lunatic Card",
        "effect": "Luk ＋1, Cri ＋1",
        "perma_buff": "Atk ＋3",
        "card_slot": "Weapon",
        "card_type": "Normal"
    },
    {
        "imgsrc": null,
        "name": "Lunatic★Card",
        "effect": "Cri.Res ＋30",
        "perma_buff": "Damage taken from players during PVP (GVG) -2%",
        "card_slot": "unknown",
        "card_type": "unknown"
    },
    {
        "imgsrc": null,
        "name": "Magic Snake Card",
        "effect": "INT ＋1, MPen. ＋2%",
        "perma_buff": "Max HP ＋60",
        "card_slot": "unknown",
        "card_type": "unknown"
    },
    {
        "imgsrc": null,
        "name": "Magic Snowbear Card",
        "effect": "Max SP ＋200",
        "perma_buff": "Max SP ＋5",
        "card_slot": "unknown",
        "card_type": "unknown"
    },
    {
        "imgsrc": "//www.roguard.net/content/img/cards/card_10048.jpg",
        "name": "Magnolia Card",
        "effect": "auto attack has a 5% chance to restore 30 points of SP for the caster",
        "perma_buff": "M.Def ＋2",
        "card_slot": "unknown",
        "card_type": "unknown"
    },
    {
        "imgsrc": "//www.roguard.net/content/img/cards/card_10009.jpg",
        "name": "Male Thief Bug Card",
        "effect": "Equipment ASPD ＋3%",
        "perma_buff": "Atk ＋6",
        "card_slot": "Footgear",
        "card_type": "Normal"
    },
    {
        "imgsrc": "//www.roguard.net/content/img/cards/card_10015.jpg",
        "name": "Mandragora Card",
        "effect": "Damage to wind monsters ＋20%",
        "perma_buff": "Damage to wind monster ＋2%",
        "card_slot": "unknown",
        "card_type": "unknown"
    },
    {
        "imgsrc": null,
        "name": "Mandragora Card",
        "effect": "auto attack has a 5% chance to set the target into fearing state for a certain period",
        "perma_buff": "Max HP ＋24",
        "card_slot": "Weapon",
        "card_type": "Normal"
    }
]