[
    {
        "imgsrc": "//www.roguard.net/content/img/cards/card_10082.jpg",
        "name": "Succubus Card",
        "effect": "Max HP ＋500, HP Regen ＋15%",
        "perma_buff": "HP Regen ＋1%",
        "card_slot": "unknown",
        "card_type": "unknown"
    },
    {
        "imgsrc": null,
        "name": "Swordfish Card",
        "effect": "Turn the armor's element into Water",
        "perma_buff": "Max HP ＋28",
        "card_slot": "Armor",
        "card_type": "Normal"
    },
    {
        "imgsrc": "//www.roguard.net/content/img/cards/card_10004.jpg",
        "name": "Tarou Card",
        "effect": "Str ＋2",
        "perma_buff": "Atk ＋3",
        "card_slot": "Accecssory",
        "card_type": "Normal"
    },
    {
        "imgsrc": null,
        "name": "Tarou ★Card",
        "effect": "Str ＋4, Atk ＋15",
        "perma_buff": "Def ＋4",
        "card_slot": "unknown",
        "card_type": "unknown"
    },
    {
        "imgsrc": null,
        "name": "Teddy Bear Card",
        "effect": "Damage reduction of undead race ＋10%",
        "perma_buff": "Max HP ＋28",
        "card_slot": "unknown",
        "card_type": "unknown"
    },
    {
        "imgsrc": null,
        "name": "Telepathy Amplification Card",
        "effect": "＋20% Ghost Attack for 5s after using [White Imprison]",
        "perma_buff": "Def ＋4.5",
        "card_slot": "unknown",
        "card_type": "unknown"
    },
    {
        "imgsrc": "//www.roguard.net/content/img/cards/card_10024.jpg",
        "name": "Thara Frog Card",
        "effect": "Damage reduction of Demi-Human race ＋30%",
        "perma_buff": "M.Def ＋2",
        "card_slot": "unknown",
        "card_type": "unknown"
    },
    {
        "imgsrc": null,
        "name": "Thara Frog★Card",
        "effect": "Dmg to Demi-Human ＋3%\\Demi-Human Dmg Reduc. ＋3%",
        "perma_buff": "M.Atk ＋12",
        "card_slot": "unknown",
        "card_type": "unknown"
    },
    {
        "imgsrc": "//www.roguard.net/content/img/cards/card_10005.jpg",
        "name": "Thief Bug Card",
        "effect": "Hit ＋10",
        "perma_buff": "Atk ＋3",
        "card_slot": "Shield",
        "card_type": "Normal"
    },
    {
        "imgsrc": "//www.roguard.net/content/img/cards/card_40013.jpg",
        "name": "Thief Bug Egg Card",
        "effect": "Max HP ＋200",
        "perma_buff": "Max HP ＋24",
        "card_slot": "unknown",
        "card_type": "unknown"
    },
    {
        "imgsrc": null,
        "name": "Time Holder Card",
        "effect": "Atk ＋40, Max HP ＋500, Equipment ASPD ＋5%, Natural Recovery of HP ＋2",
        "perma_buff": "Max HP ＋14",
        "card_slot": "unknown",
        "card_type": "unknown"
    },
    {
        "imgsrc": "//www.roguard.net/content/img/cards/card_20005.jpg",
        "name": "Toad Card",
        "effect": "Dex ＋4, Flee ＋5",
        "perma_buff": "Def ＋4",
        "card_slot": "unknown",
        "card_type": "unknown"
    },
    {
        "imgsrc": null,
        "name": "Ultraman Card",
        "effect": "Damage to brute and demon monsters ＋8%,  Damage reduction against Demi-Human ＋2%",
        "perma_buff": "Def ＋4.5",
        "card_slot": "unknown",
        "card_type": "unknown"
    },
    {
        "imgsrc": "//www.roguard.net/content/img/cards/card_10023.jpg",
        "name": "Vadon Card",
        "effect": "Damage to fire monsters ＋15%",
        "perma_buff": "Damage to fire monster ＋2%",
        "card_slot": "unknown",
        "card_type": "unknown"
    },
    {
        "imgsrc": "//www.roguard.net/content/img/cards/card_20008.jpg",
        "name": "Vagabond Wolf Card",
        "effect": "Str ＋4, Flee ＋5",
        "perma_buff": "Atk ＋8",
        "card_slot": "unknown",
        "card_type": "unknown"
    },
    {
        "imgsrc": null,
        "name": "Verit Card",
        "effect": "Max HP ＋8%, Max SP ＋8%",
        "perma_buff": "Max HP ＋28",
        "card_slot": "Footgear",
        "card_type": "Normal"
    },
    {
        "imgsrc": "//www.roguard.net/content/img/cards/card_10044.jpg",
        "name": "Vitata Card",
        "effect": "Can use Skill - [Heal] Lv.2",
        "perma_buff": "Max HP ＋56",
        "card_slot": "unknown",
        "card_type": "unknown"
    },
    {
        "imgsrc": "//www.roguard.net/content/img/cards/card_10012.jpg",
        "name": "Vocal Card",
        "effect": "Atk ＋7%, Dex ＋3",
        "perma_buff": "Atk ＋8",
        "card_slot": "Weapon",
        "card_type": "Mini Boss"
    },
    {
        "imgsrc": "//www.roguard.net/content/img/cards/card_10096.jpg",
        "name": "Wanderer Card",
        "effect": "auto attack has a 5% chance to trigger [Heavy Arrow] Lv.5",
        "perma_buff": "Atk ＋1.5",
        "card_slot": "unknown",
        "card_type": "unknown"
    },
    {
        "imgsrc": null,
        "name": "Water Monster Card",
        "effect": "Water Dmg Taken -5%, Damage to Fire Monsters ＋10%",
        "perma_buff": "Def ＋3",
        "card_slot": "unknown",
        "card_type": "unknown"
    }
]