[
    {
        "imgsrc": null,
        "name": "Agav Card",
        "effect": "M.Atk ＋5%, , When the wearer is a Mage, M.Atk ＋3%, Max HP ＋300, Max SP ＋150",
        "perma_buff": "Max HP ＋28",
        "card_slot": "unknown",
        "card_type": "unknown",
        "metadata": {
            "common_data": {
                "level": "9999",
                "max_stack": "Yes",
                "sellable": "50,000",
                "sell_price": "Yes",
                "auctionable": "Yes",
                "storageable": "unknown"
            }
        }
    },
    {
        "imgsrc": "s01.cdn.roguard.net/content/img/cards/card_20015.jpg",
        "name": "Alice Card",
        "effect": "Damage from Boss monsters -15%",
        "perma_buff": "Damage from Boss monsters -2%",
        "card_slot": "unknown",
        "card_type": "unknown",
        "metadata": {
            "common_data": {
                "level": "0",
                "max_stack": "9999",
                "sellable": "Yes",
                "sell_price": "500,000",
                "auctionable": "Yes",
                "storageable": "Yes"
            },
            "drop_data": {
                "dropped_by": "Alice",
                "monster_level": "Lv 92 Mini Boss",
                "drop_rate": "?%"
            }
        }
    },
    {
        "imgsrc": null,
        "name": "Air Wave Card",
        "effect": "[Investigate] CD reduced by 1s",
        "perma_buff": "Atk ＋8",
        "card_slot": "unknown",
        "card_type": "unknown",
        "metadata": {
            "common_data": {
                "level": "9999",
                "max_stack": "Yes",
                "sellable": "50,000",
                "sell_price": "Yes",
                "auctionable": "Yes",
                "storageable": "unknown"
            }
        }
    },
    {
        "imgsrc": null,
        "name": "Anacondaq Card",
        "effect": "Dmg to Poison monsters ＋15%",
        "perma_buff": "Max HP ＋28",
        "card_slot": "unknown",
        "card_type": "unknown",
        "metadata": {
            "common_data": {
                "level": "9999",
                "max_stack": "Yes",
                "sellable": "50,000",
                "sell_price": "Yes",
                "auctionable": "Yes",
                "storageable": "unknown"
            }
        }
    },
    {
        "imgsrc": null,
        "name": "Ancient Clock Card",
        "effect": "Str ＋2, INT ＋1, Max HP ＋1%",
        "perma_buff": "Max HP ＋12",
        "card_slot": "unknown",
        "card_type": "unknown",
        "metadata": {
            "common_data": {
                "level": "9999",
                "max_stack": "Yes",
                "sellable": "5,000",
                "sell_price": "Yes",
                "auctionable": "Yes",
                "storageable": "unknown"
            },
            "drop_data": {
                "dropped_by": "Ancient Clock",
                "monster_level": "Lv 102 Monster",
                "drop_rate": "?%"
            }
        }
    },
    {
        "imgsrc": "s01.cdn.roguard.net/content/img/cards/card_10088.jpg",
        "name": "Anolian Card",
        "effect": "When suffering Dam, There is a 3% chance to cause: Agi ＋5, Dex ＋5; this effect lasts 2 minutes.",
        "perma_buff": "Agi ＋1",
        "card_slot": "unknown",
        "card_type": "unknown",
        "metadata": {
            "common_data": {
                "level": "0",
                "max_stack": "9999",
                "sellable": "Yes",
                "sell_price": "5,000",
                "auctionable": "Yes",
                "storageable": "Yes"
            },
            "drop_data": {
                "dropped_by": "Anolian",
                "monster_level": "Lv 89 Monster",
                "drop_rate": "?%"
            }
        }
    },
    {
        "imgsrc": "s01.cdn.roguard.net/content/img/cards/card_10063.jpg",
        "name": "Archer Skeleton Card",
        "effect": "Melee Atk ＋5%, , Ranged Atk ＋10%",
        "perma_buff": "Atk ＋8",
        "card_slot": "unknown",
        "card_type": "unknown",
        "metadata": {
            "common_data": {
                "level": "0",
                "max_stack": "9999",
                "sellable": "Yes",
                "sell_price": "50,000",
                "auctionable": "Yes",
                "storageable": "Yes"
            },
            "drop_data": {
                "dropped_by": "Archer Skeleton",
                "monster_level": "Lv 66 Monster",
                "drop_rate": "?%"
            }
        }
    },
    {
        "imgsrc": "s01.cdn.roguard.net/content/img/cards/card_10084.jpg",
        "name": "Abysmal Knight Card",
        "effect": "Damage to Boss monster ＋10%",
        "perma_buff": "Damage to Boss monster ＋1%",
        "card_slot": "Weapon",
        "card_type": "Normal",
        "metadata": {
            "common_data": {
                "level": "0",
                "max_stack": "9999",
                "sellable": "Yes",
                "sell_price": "500,000",
                "auctionable": "Yes",
                "storageable": "Yes"
            },
            "drop_data": {
                "dropped_by": "Abysmal Knight",
                "monster_level": "Lv 82 Monster",
                "drop_rate": "?%"
            }
        }
    },
    {
        "imgsrc": "s01.cdn.roguard.net/content/img/cards/card_30001.jpg",
        "name": "Angeling Card",
        "effect": "Turn the armor's element into Holy",
        "perma_buff": "M.Atk ＋20",
        "card_slot": "Armor",
        "card_type": "MVP",
        "metadata": {
            "common_data": {
                "level": "0",
                "max_stack": "9999",
                "sellable": "Yes",
                "sell_price": "500,000",
                "auctionable": "Yes",
                "storageable": "Yes"
            },
            "drop_data": {
                "dropped_by": "Angeling",
                "monster_level": "Lv 25 MVP",
                "drop_rate": "?%"
            }
        }
    },
    {
        "imgsrc": null,
        "name": "Alarm Card",
        "effect": "Max HP ＋300, VIT ＋1, INT ＋1",
        "perma_buff": "Max HP ＋12",
        "card_slot": "unknown",
        "card_type": "unknown",
        "metadata": {
            "common_data": {
                "level": "9999",
                "max_stack": "Yes",
                "sellable": "5,000",
                "sell_price": "Yes",
                "auctionable": "Yes",
                "storageable": "unknown"
            },
            "drop_data": {
                "dropped_by": "Alarm ★",
                "monster_level": "Lv 101 Monster",
                "drop_rate": "?%"
            }
        }
    },
    {
        "imgsrc": "s01.cdn.roguard.net/content/img/cards/card_10040.jpg",
        "name": "Andre Card",
        "effect": "Atk ＋10",
        "perma_buff": "Atk ＋3",
        "card_slot": "unknown",
        "card_type": "unknown",
        "metadata": {
            "common_data": {
                "level": "0",
                "max_stack": "9999",
                "sellable": "Yes",
                "sell_price": "2,000",
                "auctionable": "Yes",
                "storageable": "Yes"
            },
            "drop_data": {
                "dropped_by": "Deniro ★",
                "monster_level": "Lv 40 Monster",
                "drop_rate": "0.02%"
            }
        }
    },
    {
        "imgsrc": null,
        "name": "Aqua Elemental Card",
        "effect": "Water Dmg Taken -15%, Dmg to Water Monsters ＋5%",
        "perma_buff": "Max HP ＋28",
        "card_slot": "unknown",
        "card_type": "unknown",
        "metadata": {
            "common_data": {
                "level": "9999",
                "max_stack": "Yes",
                "sellable": "50,000",
                "sell_price": "Yes",
                "auctionable": "Yes",
                "storageable": "unknown"
            }
        }
    },
    {
        "imgsrc": null,
        "name": "Andre★Card",
        "effect": "Pen. ＋3%, Ignores Def ＋3% when STR or DEX reaches 225",
        "perma_buff": "Def ＋6",
        "card_slot": "unknown",
        "card_type": "unknown",
        "metadata": {
            "common_data": {
                "level": "9999",
                "max_stack": "Yes",
                "sellable": "50,000",
                "sell_price": "Yes",
                "auctionable": "Yes",
                "storageable": "unknown"
            }
        }
    },
    {
        "imgsrc": "s01.cdn.roguard.net/content/img/cards/card_30023.jpg",
        "name": "Atroce Card",
        "effect": "auto attack has a 5% chance to trigger amazing speed (Equipment ASPD ＋20%; this effect lasts 10 seconds)",
        "perma_buff": "Atk ＋12",
        "card_slot": "unknown",
        "card_type": "unknown",
        "metadata": {
            "common_data": {
                "level": "0",
                "max_stack": "9999",
                "sellable": "Yes",
                "sell_price": "500,000",
                "auctionable": "Yes",
                "storageable": "Yes"
            },
            "drop_data": {
                "dropped_by": "Atroce",
                "monster_level": "Lv 84 MVP",
                "drop_rate": "?%"
            }
        }
    },
    {
        "imgsrc": null,
        "name": "Archer Skeleton★Card",
        "effect": "Str ＋2, Atk ＋5%",
        "perma_buff": "M.Atk ＋8",
        "card_slot": "unknown",
        "card_type": "unknown",
        "metadata": {
            "common_data": {
                "level": "9999",
                "max_stack": "Yes",
                "sellable": "50,000",
                "sell_price": "Yes",
                "auctionable": "Yes",
                "storageable": "unknown"
            }
        }
    },
    {
        "imgsrc": null,
        "name": "Baby Snake Card",
        "effect": "INT ＋2, M.Atk ＋10",
        "perma_buff": "Max HP ＋30",
        "card_slot": "unknown",
        "card_type": "unknown",
        "metadata": {
            "common_data": {
                "level": "9999",
                "max_stack": "Yes",
                "sellable": "50,000",
                "sell_price": "Yes",
                "auctionable": "Yes",
                "storageable": "unknown"
            }
        }
    },
    {
        "imgsrc": "s01.cdn.roguard.net/content/img/cards/card_10038.jpg",
        "name": "Argiope Card",
        "effect": "Turn the armor's element into Poison, Def ＋20",
        "perma_buff": "Def ＋4",
        "card_slot": "unknown",
        "card_type": "unknown",
        "metadata": {
            "common_data": {
                "level": "0",
                "max_stack": "9999",
                "sellable": "Yes",
                "sell_price": "5,000",
                "auctionable": "Yes",
                "storageable": "Yes"
            },
            "drop_data": {
                "dropped_by": "Argiope",
                "monster_level": "Lv 43 Monster",
                "drop_rate": "?%"
            }
        }
    },
    {
        "imgsrc": "s01.cdn.roguard.net/content/img/cards/card_20018.jpg",
        "name": "Anubis Card",
        "effect": "Angel monsters Dmg Taken -30%",
        "perma_buff": "Max HP ＋84",
        "card_slot": "unknown",
        "card_type": "unknown",
        "metadata": {
            "common_data": {
                "level": "0",
                "max_stack": "9999",
                "sellable": "Yes",
                "sell_price": "5,000",
                "auctionable": "Yes",
                "storageable": "Yes"
            },
            "drop_data": {
                "dropped_by": "Anubis",
                "monster_level": "Lv 70 Mini Boss",
                "drop_rate": "?%"
            }
        }
    },
    {
        "imgsrc": null,
        "name": "Baby Desert Wolf Card",
        "effect": "Dmg to Demi-Human ＋3%",
        "perma_buff": "Dmg to Demi-Human ＋1%",
        "card_slot": "Accecssory",
        "card_type": "Normal",
        "metadata": {
            "common_data": {
                "level": "9999",
                "max_stack": "Yes",
                "sellable": "100",
                "sell_price": "No",
                "auctionable": "Yes",
                "storageable": "unknown"
            }
        }
    },
    {
        "imgsrc": null,
        "name": "Arc Angeling Card",
        "effect": "Max HP ＋10%",
        "perma_buff": "Def ＋1%, MDef ＋1%",
        "card_slot": "unknown",
        "card_type": "unknown",
        "metadata": {
            "common_data": {
                "level": "9999",
                "max_stack": "Yes",
                "sellable": "500,000",
                "sell_price": "No",
                "auctionable": "Yes",
                "storageable": "unknown"
            },
            "drop_data": {
                "dropped_by": "Arc Angeling",
                "monster_level": "Lv 130 MVP",
                "drop_rate": "?%"
            }
        }
    }
]